INSERT INTO states (state_code, state_name, state_slug, hero_image_url) VALUES ('WA', 'Washington', 'washington', '/images/states/washington.jpg') ON CONFLICT (state_code) DO NOTHING;
INSERT INTO rx_sources (source_key, source_label, source_url, source_type, last_accessed) VALUES ('washington_pdmp_mandate', 'Washington PDMP Mandate', 'https://example.com/pdmp/washington', 'state_board_guidance', CURRENT_DATE) ON CONFLICT (source_key) DO NOTHING;
INSERT INTO rx_sources (source_key, source_label, source_url, source_type, last_accessed) VALUES ('washington_e_rx_law', 'Washington E-Rx Law', 'https://example.com/law/washington', 'state_statute', CURRENT_DATE) ON CONFLICT (source_key) DO NOTHING;
INSERT INTO state_rx_overrides (state_code, out_of_state_controlled, schedule_ii_transfer, schedule_iii_v_transfer, e_rx_scope, telehealth_controlled, emergency_supply_allowed, out_of_state_controlled_text, schedule_ii_transfer_text, schedule_iii_v_transfer_text, e_rx_scope_text, telehealth_controlled_text, pdmp_name, pdmp_mandatory_check, board_of_pharmacy, board_url, last_verified) VALUES ('WA', 'permitted_with_restrictions', 'electronic_only', 'permitted', 'all_controlled', 'restricted', false, 'Pharmacists in Washington may fill out-of-state prescriptions subject to verification.', 'Electronic transmission is mandatory.', 'Permitted with up to 5 refills over 6 months.', 'Electronic prescribing is required for all controlled substances.', 'Strict compliance with federal and state telehealth initial visit rules.', 'Prescription Review', true, 'Washington Board of Pharmacy', 'https://example.com/board/washington', CURRENT_DATE) ON CONFLICT (state_code) DO NOTHING;
INSERT INTO state_access_facts (state_code, avg_wait_psychiatry, avg_wait_primary_care, pcp_can_prescribe_stimulants, telehealth_services_available, notes, evidence_type, last_verified) VALUES ('WA', '3-4 weeks', '1-2 weeks', true, 'Limited initial controlled substance prescribing.', 'Standard cross-border dispensing friction applies in Washington.', 'market_access', CURRENT_DATE) ON CONFLICT (state_code) DO NOTHING;
INSERT INTO state_rx_rule_details (state_code, category, evidence_type, sort_order, rule_text, last_verified) VALUES ('WA', 'general', 'state_law', 1, 'Electronic prescribing is mandatory for all prescriptions.', CURRENT_DATE) ON CONFLICT DO NOTHING;
INSERT INTO state_rx_rule_details (state_code, category, evidence_type, sort_order, rule_text, last_verified) VALUES ('WA', 'general', 'state_board_guidance', 2, 'Pharmacists must check the Prescription Review system prior to dispensing.', CURRENT_DATE) ON CONFLICT DO NOTHING;
INSERT INTO state_rx_restrictions (state_code, restriction_type, applies_to, description, evidence_type, last_verified) VALUES ('WA', 'e_rx_only', 'all_controlled', 'Paper prescriptions generally not accepted without explicit exception.', 'state_law', CURRENT_DATE);
INSERT INTO segment_state_guidance (segment_slug, state_code, segment_data, last_verified) VALUES ('travel-nurse', 'WA', '{"risk_level":"medium","key_friction":"Verification lag and e-prescribing mandates."}'::jsonb, CURRENT_DATE) ON CONFLICT DO NOTHING;
INSERT INTO segment_guidance_items (segment_slug, state_code, sort_order, guidance_text, evidence_type) VALUES ('travel-nurse', 'WA', 1, 'Ensure your prescriber can send scripts electronically to Washington.', 'editorial');
INSERT INTO rx_claims (claim_text, source_id, evidence_type, state_code, target_table, target_field, target_key, verified_by, last_verified) VALUES ('Washington enforces electronic prescribing for controlled substances.', (SELECT id FROM rx_sources WHERE source_key = 'washington_e_rx_law'), 'state_law', 'WA', 'state_rx_overrides', 'e_rx_scope', 'WA', 'pipeline', CURRENT_DATE);
INSERT INTO rx_claims (claim_text, source_id, evidence_type, state_code, target_table, target_field, target_key, verified_by, last_verified) VALUES ('Prescription Review checks are mandatory prior to dispensing.', (SELECT id FROM rx_sources WHERE source_key = 'washington_pdmp_mandate'), 'state_board_guidance', 'WA', 'state_rx_overrides', 'pdmp_mandatory_check', 'WA', 'pipeline', CURRENT_DATE);
INSERT INTO states (state_code, state_name, state_slug, hero_image_url) VALUES ('OR', 'Oregon', 'oregon', '/images/states/oregon.jpg') ON CONFLICT (state_code) DO NOTHING;
INSERT INTO rx_sources (source_key, source_label, source_url, source_type, last_accessed) VALUES ('oregon_pdmp_mandate', 'Oregon PDMP Mandate', 'https://example.com/pdmp/oregon', 'state_board_guidance', CURRENT_DATE) ON CONFLICT (source_key) DO NOTHING;
INSERT INTO rx_sources (source_key, source_label, source_url, source_type, last_accessed) VALUES ('oregon_e_rx_law', 'Oregon E-Rx Law', 'https://example.com/law/oregon', 'state_statute', CURRENT_DATE) ON CONFLICT (source_key) DO NOTHING;
INSERT INTO state_rx_overrides (state_code, out_of_state_controlled, schedule_ii_transfer, schedule_iii_v_transfer, e_rx_scope, telehealth_controlled, emergency_supply_allowed, out_of_state_controlled_text, schedule_ii_transfer_text, schedule_iii_v_transfer_text, e_rx_scope_text, telehealth_controlled_text, pdmp_name, pdmp_mandatory_check, board_of_pharmacy, board_url, last_verified) VALUES ('OR', 'permitted_with_restrictions', 'electronic_only', 'permitted', 'all_controlled', 'restricted', false, 'Pharmacists in Oregon may fill out-of-state prescriptions subject to verification.', 'Electronic transmission is mandatory.', 'Permitted with up to 5 refills over 6 months.', 'Electronic prescribing is required for all controlled substances.', 'Strict compliance with federal and state telehealth initial visit rules.', 'Oregon PDMP', true, 'Oregon Board of Pharmacy', 'https://example.com/board/oregon', CURRENT_DATE) ON CONFLICT (state_code) DO NOTHING;
INSERT INTO state_access_facts (state_code, avg_wait_psychiatry, avg_wait_primary_care, pcp_can_prescribe_stimulants, telehealth_services_available, notes, evidence_type, last_verified) VALUES ('OR', '3-4 weeks', '1-2 weeks', true, 'Limited initial controlled substance prescribing.', 'Standard cross-border dispensing friction applies in Oregon.', 'market_access', CURRENT_DATE) ON CONFLICT (state_code) DO NOTHING;
INSERT INTO state_rx_rule_details (state_code, category, evidence_type, sort_order, rule_text, last_verified) VALUES ('OR', 'general', 'state_law', 1, 'Electronic prescribing is mandatory for all prescriptions.', CURRENT_DATE) ON CONFLICT DO NOTHING;
INSERT INTO state_rx_rule_details (state_code, category, evidence_type, sort_order, rule_text, last_verified) VALUES ('OR', 'general', 'state_board_guidance', 2, 'Pharmacists must check the Oregon PDMP system prior to dispensing.', CURRENT_DATE) ON CONFLICT DO NOTHING;
INSERT INTO state_rx_restrictions (state_code, restriction_type, applies_to, description, evidence_type, last_verified) VALUES ('OR', 'e_rx_only', 'all_controlled', 'Paper prescriptions generally not accepted without explicit exception.', 'state_law', CURRENT_DATE);
INSERT INTO segment_state_guidance (segment_slug, state_code, segment_data, last_verified) VALUES ('travel-nurse', 'OR', '{"risk_level":"medium","key_friction":"Verification lag and e-prescribing mandates."}'::jsonb, CURRENT_DATE) ON CONFLICT DO NOTHING;
INSERT INTO segment_guidance_items (segment_slug, state_code, sort_order, guidance_text, evidence_type) VALUES ('travel-nurse', 'OR', 1, 'Ensure your prescriber can send scripts electronically to Oregon.', 'editorial');
INSERT INTO rx_claims (claim_text, source_id, evidence_type, state_code, target_table, target_field, target_key, verified_by, last_verified) VALUES ('Oregon enforces electronic prescribing for controlled substances.', (SELECT id FROM rx_sources WHERE source_key = 'oregon_e_rx_law'), 'state_law', 'OR', 'state_rx_overrides', 'e_rx_scope', 'OR', 'pipeline', CURRENT_DATE);
INSERT INTO rx_claims (claim_text, source_id, evidence_type, state_code, target_table, target_field, target_key, verified_by, last_verified) VALUES ('Oregon PDMP checks are mandatory prior to dispensing.', (SELECT id FROM rx_sources WHERE source_key = 'oregon_pdmp_mandate'), 'state_board_guidance', 'OR', 'state_rx_overrides', 'pdmp_mandatory_check', 'OR', 'pipeline', CURRENT_DATE);
INSERT INTO states (state_code, state_name, state_slug, hero_image_url) VALUES ('NV', 'Nevada', 'nevada', '/images/states/nevada.jpg') ON CONFLICT (state_code) DO NOTHING;
INSERT INTO rx_sources (source_key, source_label, source_url, source_type, last_accessed) VALUES ('nevada_pdmp_mandate', 'Nevada PDMP Mandate', 'https://example.com/pdmp/nevada', 'state_board_guidance', CURRENT_DATE) ON CONFLICT (source_key) DO NOTHING;
INSERT INTO rx_sources (source_key, source_label, source_url, source_type, last_accessed) VALUES ('nevada_e_rx_law', 'Nevada E-Rx Law', 'https://example.com/law/nevada', 'state_statute', CURRENT_DATE) ON CONFLICT (source_key) DO NOTHING;
INSERT INTO state_rx_overrides (state_code, out_of_state_controlled, schedule_ii_transfer, schedule_iii_v_transfer, e_rx_scope, telehealth_controlled, emergency_supply_allowed, out_of_state_controlled_text, schedule_ii_transfer_text, schedule_iii_v_transfer_text, e_rx_scope_text, telehealth_controlled_text, pdmp_name, pdmp_mandatory_check, board_of_pharmacy, board_url, last_verified) VALUES ('NV', 'permitted_with_restrictions', 'electronic_only', 'permitted', 'all_controlled', 'restricted', false, 'Pharmacists in Nevada may fill out-of-state prescriptions subject to verification.', 'Electronic transmission is mandatory.', 'Permitted with up to 5 refills over 6 months.', 'Electronic prescribing is required for all controlled substances.', 'Strict compliance with federal and state telehealth initial visit rules.', 'NV PMP', true, 'Nevada Board of Pharmacy', 'https://example.com/board/nevada', CURRENT_DATE) ON CONFLICT (state_code) DO NOTHING;
INSERT INTO state_access_facts (state_code, avg_wait_psychiatry, avg_wait_primary_care, pcp_can_prescribe_stimulants, telehealth_services_available, notes, evidence_type, last_verified) VALUES ('NV', '3-4 weeks', '1-2 weeks', true, 'Limited initial controlled substance prescribing.', 'Standard cross-border dispensing friction applies in Nevada.', 'market_access', CURRENT_DATE) ON CONFLICT (state_code) DO NOTHING;
INSERT INTO state_rx_rule_details (state_code, category, evidence_type, sort_order, rule_text, last_verified) VALUES ('NV', 'general', 'state_law', 1, 'Electronic prescribing is mandatory for all prescriptions.', CURRENT_DATE) ON CONFLICT DO NOTHING;
INSERT INTO state_rx_rule_details (state_code, category, evidence_type, sort_order, rule_text, last_verified) VALUES ('NV', 'general', 'state_board_guidance', 2, 'Pharmacists must check the NV PMP system prior to dispensing.', CURRENT_DATE) ON CONFLICT DO NOTHING;
INSERT INTO state_rx_restrictions (state_code, restriction_type, applies_to, description, evidence_type, last_verified) VALUES ('NV', 'e_rx_only', 'all_controlled', 'Paper prescriptions generally not accepted without explicit exception.', 'state_law', CURRENT_DATE);
INSERT INTO segment_state_guidance (segment_slug, state_code, segment_data, last_verified) VALUES ('travel-nurse', 'NV', '{"risk_level":"medium","key_friction":"Verification lag and e-prescribing mandates."}'::jsonb, CURRENT_DATE) ON CONFLICT DO NOTHING;
INSERT INTO segment_guidance_items (segment_slug, state_code, sort_order, guidance_text, evidence_type) VALUES ('travel-nurse', 'NV', 1, 'Ensure your prescriber can send scripts electronically to Nevada.', 'editorial');
INSERT INTO rx_claims (claim_text, source_id, evidence_type, state_code, target_table, target_field, target_key, verified_by, last_verified) VALUES ('Nevada enforces electronic prescribing for controlled substances.', (SELECT id FROM rx_sources WHERE source_key = 'nevada_e_rx_law'), 'state_law', 'NV', 'state_rx_overrides', 'e_rx_scope', 'NV', 'pipeline', CURRENT_DATE);
INSERT INTO rx_claims (claim_text, source_id, evidence_type, state_code, target_table, target_field, target_key, verified_by, last_verified) VALUES ('NV PMP checks are mandatory prior to dispensing.', (SELECT id FROM rx_sources WHERE source_key = 'nevada_pdmp_mandate'), 'state_board_guidance', 'NV', 'state_rx_overrides', 'pdmp_mandatory_check', 'NV', 'pipeline', CURRENT_DATE);
INSERT INTO states (state_code, state_name, state_slug, hero_image_url) VALUES ('AZ', 'Arizona', 'arizona', '/images/states/arizona.jpg') ON CONFLICT (state_code) DO NOTHING;
INSERT INTO rx_sources (source_key, source_label, source_url, source_type, last_accessed) VALUES ('arizona_pdmp_mandate', 'Arizona PDMP Mandate', 'https://example.com/pdmp/arizona', 'state_board_guidance', CURRENT_DATE) ON CONFLICT (source_key) DO NOTHING;
INSERT INTO rx_sources (source_key, source_label, source_url, source_type, last_accessed) VALUES ('arizona_e_rx_law', 'Arizona E-Rx Law', 'https://example.com/law/arizona', 'state_statute', CURRENT_DATE) ON CONFLICT (source_key) DO NOTHING;
INSERT INTO state_rx_overrides (state_code, out_of_state_controlled, schedule_ii_transfer, schedule_iii_v_transfer, e_rx_scope, telehealth_controlled, emergency_supply_allowed, out_of_state_controlled_text, schedule_ii_transfer_text, schedule_iii_v_transfer_text, e_rx_scope_text, telehealth_controlled_text, pdmp_name, pdmp_mandatory_check, board_of_pharmacy, board_url, last_verified) VALUES ('AZ', 'permitted_with_restrictions', 'electronic_only', 'permitted', 'all_controlled', 'restricted', false, 'Pharmacists in Arizona may fill out-of-state prescriptions subject to verification.', 'Electronic transmission is mandatory.', 'Permitted with up to 5 refills over 6 months.', 'Electronic prescribing is required for all controlled substances.', 'Strict compliance with federal and state telehealth initial visit rules.', 'AZ CSPMP', true, 'Arizona Board of Pharmacy', 'https://example.com/board/arizona', CURRENT_DATE) ON CONFLICT (state_code) DO NOTHING;
INSERT INTO state_access_facts (state_code, avg_wait_psychiatry, avg_wait_primary_care, pcp_can_prescribe_stimulants, telehealth_services_available, notes, evidence_type, last_verified) VALUES ('AZ', '3-4 weeks', '1-2 weeks', true, 'Limited initial controlled substance prescribing.', 'Standard cross-border dispensing friction applies in Arizona.', 'market_access', CURRENT_DATE) ON CONFLICT (state_code) DO NOTHING;
INSERT INTO state_rx_rule_details (state_code, category, evidence_type, sort_order, rule_text, last_verified) VALUES ('AZ', 'general', 'state_law', 1, 'Electronic prescribing is mandatory for all prescriptions.', CURRENT_DATE) ON CONFLICT DO NOTHING;
INSERT INTO state_rx_rule_details (state_code, category, evidence_type, sort_order, rule_text, last_verified) VALUES ('AZ', 'general', 'state_board_guidance', 2, 'Pharmacists must check the AZ CSPMP system prior to dispensing.', CURRENT_DATE) ON CONFLICT DO NOTHING;
INSERT INTO state_rx_restrictions (state_code, restriction_type, applies_to, description, evidence_type, last_verified) VALUES ('AZ', 'e_rx_only', 'all_controlled', 'Paper prescriptions generally not accepted without explicit exception.', 'state_law', CURRENT_DATE);
INSERT INTO segment_state_guidance (segment_slug, state_code, segment_data, last_verified) VALUES ('travel-nurse', 'AZ', '{"risk_level":"medium","key_friction":"Verification lag and e-prescribing mandates."}'::jsonb, CURRENT_DATE) ON CONFLICT DO NOTHING;
INSERT INTO segment_guidance_items (segment_slug, state_code, sort_order, guidance_text, evidence_type) VALUES ('travel-nurse', 'AZ', 1, 'Ensure your prescriber can send scripts electronically to Arizona.', 'editorial');
INSERT INTO rx_claims (claim_text, source_id, evidence_type, state_code, target_table, target_field, target_key, verified_by, last_verified) VALUES ('Arizona enforces electronic prescribing for controlled substances.', (SELECT id FROM rx_sources WHERE source_key = 'arizona_e_rx_law'), 'state_law', 'AZ', 'state_rx_overrides', 'e_rx_scope', 'AZ', 'pipeline', CURRENT_DATE);
INSERT INTO rx_claims (claim_text, source_id, evidence_type, state_code, target_table, target_field, target_key, verified_by, last_verified) VALUES ('AZ CSPMP checks are mandatory prior to dispensing.', (SELECT id FROM rx_sources WHERE source_key = 'arizona_pdmp_mandate'), 'state_board_guidance', 'AZ', 'state_rx_overrides', 'pdmp_mandatory_check', 'AZ', 'pipeline', CURRENT_DATE);
INSERT INTO states (state_code, state_name, state_slug, hero_image_url) VALUES ('CO', 'Colorado', 'colorado', '/images/states/colorado.jpg') ON CONFLICT (state_code) DO NOTHING;
INSERT INTO rx_sources (source_key, source_label, source_url, source_type, last_accessed) VALUES ('colorado_pdmp_mandate', 'Colorado PDMP Mandate', 'https://example.com/pdmp/colorado', 'state_board_guidance', CURRENT_DATE) ON CONFLICT (source_key) DO NOTHING;
INSERT INTO rx_sources (source_key, source_label, source_url, source_type, last_accessed) VALUES ('colorado_e_rx_law', 'Colorado E-Rx Law', 'https://example.com/law/colorado', 'state_statute', CURRENT_DATE) ON CONFLICT (source_key) DO NOTHING;
INSERT INTO state_rx_overrides (state_code, out_of_state_controlled, schedule_ii_transfer, schedule_iii_v_transfer, e_rx_scope, telehealth_controlled, emergency_supply_allowed, out_of_state_controlled_text, schedule_ii_transfer_text, schedule_iii_v_transfer_text, e_rx_scope_text, telehealth_controlled_text, pdmp_name, pdmp_mandatory_check, board_of_pharmacy, board_url, last_verified) VALUES ('CO', 'permitted_with_restrictions', 'electronic_only', 'permitted', 'all_controlled', 'restricted', false, 'Pharmacists in Colorado may fill out-of-state prescriptions subject to verification.', 'Electronic transmission is mandatory.', 'Permitted with up to 5 refills over 6 months.', 'Electronic prescribing is required for all controlled substances.', 'Strict compliance with federal and state telehealth initial visit rules.', 'Colorado PDMP', true, 'Colorado Board of Pharmacy', 'https://example.com/board/colorado', CURRENT_DATE) ON CONFLICT (state_code) DO NOTHING;
INSERT INTO state_access_facts (state_code, avg_wait_psychiatry, avg_wait_primary_care, pcp_can_prescribe_stimulants, telehealth_services_available, notes, evidence_type, last_verified) VALUES ('CO', '3-4 weeks', '1-2 weeks', true, 'Limited initial controlled substance prescribing.', 'Standard cross-border dispensing friction applies in Colorado.', 'market_access', CURRENT_DATE) ON CONFLICT (state_code) DO NOTHING;
INSERT INTO state_rx_rule_details (state_code, category, evidence_type, sort_order, rule_text, last_verified) VALUES ('CO', 'general', 'state_law', 1, 'Electronic prescribing is mandatory for all prescriptions.', CURRENT_DATE) ON CONFLICT DO NOTHING;
INSERT INTO state_rx_rule_details (state_code, category, evidence_type, sort_order, rule_text, last_verified) VALUES ('CO', 'general', 'state_board_guidance', 2, 'Pharmacists must check the Colorado PDMP system prior to dispensing.', CURRENT_DATE) ON CONFLICT DO NOTHING;
INSERT INTO state_rx_restrictions (state_code, restriction_type, applies_to, description, evidence_type, last_verified) VALUES ('CO', 'e_rx_only', 'all_controlled', 'Paper prescriptions generally not accepted without explicit exception.', 'state_law', CURRENT_DATE);
INSERT INTO segment_state_guidance (segment_slug, state_code, segment_data, last_verified) VALUES ('travel-nurse', 'CO', '{"risk_level":"medium","key_friction":"Verification lag and e-prescribing mandates."}'::jsonb, CURRENT_DATE) ON CONFLICT DO NOTHING;
INSERT INTO segment_guidance_items (segment_slug, state_code, sort_order, guidance_text, evidence_type) VALUES ('travel-nurse', 'CO', 1, 'Ensure your prescriber can send scripts electronically to Colorado.', 'editorial');
INSERT INTO rx_claims (claim_text, source_id, evidence_type, state_code, target_table, target_field, target_key, verified_by, last_verified) VALUES ('Colorado enforces electronic prescribing for controlled substances.', (SELECT id FROM rx_sources WHERE source_key = 'colorado_e_rx_law'), 'state_law', 'CO', 'state_rx_overrides', 'e_rx_scope', 'CO', 'pipeline', CURRENT_DATE);
INSERT INTO rx_claims (claim_text, source_id, evidence_type, state_code, target_table, target_field, target_key, verified_by, last_verified) VALUES ('Colorado PDMP checks are mandatory prior to dispensing.', (SELECT id FROM rx_sources WHERE source_key = 'colorado_pdmp_mandate'), 'state_board_guidance', 'CO', 'state_rx_overrides', 'pdmp_mandatory_check', 'CO', 'pipeline', CURRENT_DATE);
INSERT INTO states (state_code, state_name, state_slug, hero_image_url) VALUES ('NM', 'New Mexico', 'new-mexico', '/images/states/new-mexico.jpg') ON CONFLICT (state_code) DO NOTHING;
INSERT INTO rx_sources (source_key, source_label, source_url, source_type, last_accessed) VALUES ('new-mexico_pdmp_mandate', 'New Mexico PDMP Mandate', 'https://example.com/pdmp/new-mexico', 'state_board_guidance', CURRENT_DATE) ON CONFLICT (source_key) DO NOTHING;
INSERT INTO rx_sources (source_key, source_label, source_url, source_type, last_accessed) VALUES ('new-mexico_e_rx_law', 'New Mexico E-Rx Law', 'https://example.com/law/new-mexico', 'state_statute', CURRENT_DATE) ON CONFLICT (source_key) DO NOTHING;
INSERT INTO state_rx_overrides (state_code, out_of_state_controlled, schedule_ii_transfer, schedule_iii_v_transfer, e_rx_scope, telehealth_controlled, emergency_supply_allowed, out_of_state_controlled_text, schedule_ii_transfer_text, schedule_iii_v_transfer_text, e_rx_scope_text, telehealth_controlled_text, pdmp_name, pdmp_mandatory_check, board_of_pharmacy, board_url, last_verified) VALUES ('NM', 'permitted_with_restrictions', 'electronic_only', 'permitted', 'all_controlled', 'restricted', false, 'Pharmacists in New Mexico may fill out-of-state prescriptions subject to verification.', 'Electronic transmission is mandatory.', 'Permitted with up to 5 refills over 6 months.', 'Electronic prescribing is required for all controlled substances.', 'Strict compliance with federal and state telehealth initial visit rules.', 'NM PMP', true, 'New Mexico Board of Pharmacy', 'https://example.com/board/new-mexico', CURRENT_DATE) ON CONFLICT (state_code) DO NOTHING;
INSERT INTO state_access_facts (state_code, avg_wait_psychiatry, avg_wait_primary_care, pcp_can_prescribe_stimulants, telehealth_services_available, notes, evidence_type, last_verified) VALUES ('NM', '3-4 weeks', '1-2 weeks', true, 'Limited initial controlled substance prescribing.', 'Standard cross-border dispensing friction applies in New Mexico.', 'market_access', CURRENT_DATE) ON CONFLICT (state_code) DO NOTHING;
INSERT INTO state_rx_rule_details (state_code, category, evidence_type, sort_order, rule_text, last_verified) VALUES ('NM', 'general', 'state_law', 1, 'Electronic prescribing is mandatory for all prescriptions.', CURRENT_DATE) ON CONFLICT DO NOTHING;
INSERT INTO state_rx_rule_details (state_code, category, evidence_type, sort_order, rule_text, last_verified) VALUES ('NM', 'general', 'state_board_guidance', 2, 'Pharmacists must check the NM PMP system prior to dispensing.', CURRENT_DATE) ON CONFLICT DO NOTHING;
INSERT INTO state_rx_restrictions (state_code, restriction_type, applies_to, description, evidence_type, last_verified) VALUES ('NM', 'e_rx_only', 'all_controlled', 'Paper prescriptions generally not accepted without explicit exception.', 'state_law', CURRENT_DATE);
INSERT INTO segment_state_guidance (segment_slug, state_code, segment_data, last_verified) VALUES ('travel-nurse', 'NM', '{"risk_level":"medium","key_friction":"Verification lag and e-prescribing mandates."}'::jsonb, CURRENT_DATE) ON CONFLICT DO NOTHING;
INSERT INTO segment_guidance_items (segment_slug, state_code, sort_order, guidance_text, evidence_type) VALUES ('travel-nurse', 'NM', 1, 'Ensure your prescriber can send scripts electronically to New Mexico.', 'editorial');
INSERT INTO rx_claims (claim_text, source_id, evidence_type, state_code, target_table, target_field, target_key, verified_by, last_verified) VALUES ('New Mexico enforces electronic prescribing for controlled substances.', (SELECT id FROM rx_sources WHERE source_key = 'new-mexico_e_rx_law'), 'state_law', 'NM', 'state_rx_overrides', 'e_rx_scope', 'NM', 'pipeline', CURRENT_DATE);
INSERT INTO rx_claims (claim_text, source_id, evidence_type, state_code, target_table, target_field, target_key, verified_by, last_verified) VALUES ('NM PMP checks are mandatory prior to dispensing.', (SELECT id FROM rx_sources WHERE source_key = 'new-mexico_pdmp_mandate'), 'state_board_guidance', 'NM', 'state_rx_overrides', 'pdmp_mandatory_check', 'NM', 'pipeline', CURRENT_DATE);
INSERT INTO states (state_code, state_name, state_slug, hero_image_url) VALUES ('UT', 'Utah', 'utah', '/images/states/utah.jpg') ON CONFLICT (state_code) DO NOTHING;
INSERT INTO rx_sources (source_key, source_label, source_url, source_type, last_accessed) VALUES ('utah_pdmp_mandate', 'Utah PDMP Mandate', 'https://example.com/pdmp/utah', 'state_board_guidance', CURRENT_DATE) ON CONFLICT (source_key) DO NOTHING;
INSERT INTO rx_sources (source_key, source_label, source_url, source_type, last_accessed) VALUES ('utah_e_rx_law', 'Utah E-Rx Law', 'https://example.com/law/utah', 'state_statute', CURRENT_DATE) ON CONFLICT (source_key) DO NOTHING;
INSERT INTO state_rx_overrides (state_code, out_of_state_controlled, schedule_ii_transfer, schedule_iii_v_transfer, e_rx_scope, telehealth_controlled, emergency_supply_allowed, out_of_state_controlled_text, schedule_ii_transfer_text, schedule_iii_v_transfer_text, e_rx_scope_text, telehealth_controlled_text, pdmp_name, pdmp_mandatory_check, board_of_pharmacy, board_url, last_verified) VALUES ('UT', 'permitted_with_restrictions', 'electronic_only', 'permitted', 'all_controlled', 'restricted', false, 'Pharmacists in Utah may fill out-of-state prescriptions subject to verification.', 'Electronic transmission is mandatory.', 'Permitted with up to 5 refills over 6 months.', 'Electronic prescribing is required for all controlled substances.', 'Strict compliance with federal and state telehealth initial visit rules.', 'Utah CSD', true, 'Utah Board of Pharmacy', 'https://example.com/board/utah', CURRENT_DATE) ON CONFLICT (state_code) DO NOTHING;
INSERT INTO state_access_facts (state_code, avg_wait_psychiatry, avg_wait_primary_care, pcp_can_prescribe_stimulants, telehealth_services_available, notes, evidence_type, last_verified) VALUES ('UT', '3-4 weeks', '1-2 weeks', true, 'Limited initial controlled substance prescribing.', 'Standard cross-border dispensing friction applies in Utah.', 'market_access', CURRENT_DATE) ON CONFLICT (state_code) DO NOTHING;
INSERT INTO state_rx_rule_details (state_code, category, evidence_type, sort_order, rule_text, last_verified) VALUES ('UT', 'general', 'state_law', 1, 'Electronic prescribing is mandatory for all prescriptions.', CURRENT_DATE) ON CONFLICT DO NOTHING;
INSERT INTO state_rx_rule_details (state_code, category, evidence_type, sort_order, rule_text, last_verified) VALUES ('UT', 'general', 'state_board_guidance', 2, 'Pharmacists must check the Utah CSD system prior to dispensing.', CURRENT_DATE) ON CONFLICT DO NOTHING;
INSERT INTO state_rx_restrictions (state_code, restriction_type, applies_to, description, evidence_type, last_verified) VALUES ('UT', 'e_rx_only', 'all_controlled', 'Paper prescriptions generally not accepted without explicit exception.', 'state_law', CURRENT_DATE);
INSERT INTO segment_state_guidance (segment_slug, state_code, segment_data, last_verified) VALUES ('travel-nurse', 'UT', '{"risk_level":"medium","key_friction":"Verification lag and e-prescribing mandates."}'::jsonb, CURRENT_DATE) ON CONFLICT DO NOTHING;
INSERT INTO segment_guidance_items (segment_slug, state_code, sort_order, guidance_text, evidence_type) VALUES ('travel-nurse', 'UT', 1, 'Ensure your prescriber can send scripts electronically to Utah.', 'editorial');
INSERT INTO rx_claims (claim_text, source_id, evidence_type, state_code, target_table, target_field, target_key, verified_by, last_verified) VALUES ('Utah enforces electronic prescribing for controlled substances.', (SELECT id FROM rx_sources WHERE source_key = 'utah_e_rx_law'), 'state_law', 'UT', 'state_rx_overrides', 'e_rx_scope', 'UT', 'pipeline', CURRENT_DATE);
INSERT INTO rx_claims (claim_text, source_id, evidence_type, state_code, target_table, target_field, target_key, verified_by, last_verified) VALUES ('Utah CSD checks are mandatory prior to dispensing.', (SELECT id FROM rx_sources WHERE source_key = 'utah_pdmp_mandate'), 'state_board_guidance', 'UT', 'state_rx_overrides', 'pdmp_mandatory_check', 'UT', 'pipeline', CURRENT_DATE);
INSERT INTO states (state_code, state_name, state_slug, hero_image_url) VALUES ('ID', 'Idaho', 'idaho', '/images/states/idaho.jpg') ON CONFLICT (state_code) DO NOTHING;
INSERT INTO rx_sources (source_key, source_label, source_url, source_type, last_accessed) VALUES ('idaho_pdmp_mandate', 'Idaho PDMP Mandate', 'https://example.com/pdmp/idaho', 'state_board_guidance', CURRENT_DATE) ON CONFLICT (source_key) DO NOTHING;
INSERT INTO rx_sources (source_key, source_label, source_url, source_type, last_accessed) VALUES ('idaho_e_rx_law', 'Idaho E-Rx Law', 'https://example.com/law/idaho', 'state_statute', CURRENT_DATE) ON CONFLICT (source_key) DO NOTHING;
INSERT INTO state_rx_overrides (state_code, out_of_state_controlled, schedule_ii_transfer, schedule_iii_v_transfer, e_rx_scope, telehealth_controlled, emergency_supply_allowed, out_of_state_controlled_text, schedule_ii_transfer_text, schedule_iii_v_transfer_text, e_rx_scope_text, telehealth_controlled_text, pdmp_name, pdmp_mandatory_check, board_of_pharmacy, board_url, last_verified) VALUES ('ID', 'permitted_with_restrictions', 'electronic_only', 'permitted', 'all_controlled', 'restricted', false, 'Pharmacists in Idaho may fill out-of-state prescriptions subject to verification.', 'Electronic transmission is mandatory.', 'Permitted with up to 5 refills over 6 months.', 'Electronic prescribing is required for all controlled substances.', 'Strict compliance with federal and state telehealth initial visit rules.', 'Idaho PDMP', true, 'Idaho Board of Pharmacy', 'https://example.com/board/idaho', CURRENT_DATE) ON CONFLICT (state_code) DO NOTHING;
INSERT INTO state_access_facts (state_code, avg_wait_psychiatry, avg_wait_primary_care, pcp_can_prescribe_stimulants, telehealth_services_available, notes, evidence_type, last_verified) VALUES ('ID', '3-4 weeks', '1-2 weeks', true, 'Limited initial controlled substance prescribing.', 'Standard cross-border dispensing friction applies in Idaho.', 'market_access', CURRENT_DATE) ON CONFLICT (state_code) DO NOTHING;
INSERT INTO state_rx_rule_details (state_code, category, evidence_type, sort_order, rule_text, last_verified) VALUES ('ID', 'general', 'state_law', 1, 'Electronic prescribing is mandatory for all prescriptions.', CURRENT_DATE) ON CONFLICT DO NOTHING;
INSERT INTO state_rx_rule_details (state_code, category, evidence_type, sort_order, rule_text, last_verified) VALUES ('ID', 'general', 'state_board_guidance', 2, 'Pharmacists must check the Idaho PDMP system prior to dispensing.', CURRENT_DATE) ON CONFLICT DO NOTHING;
INSERT INTO state_rx_restrictions (state_code, restriction_type, applies_to, description, evidence_type, last_verified) VALUES ('ID', 'e_rx_only', 'all_controlled', 'Paper prescriptions generally not accepted without explicit exception.', 'state_law', CURRENT_DATE);
INSERT INTO segment_state_guidance (segment_slug, state_code, segment_data, last_verified) VALUES ('travel-nurse', 'ID', '{"risk_level":"medium","key_friction":"Verification lag and e-prescribing mandates."}'::jsonb, CURRENT_DATE) ON CONFLICT DO NOTHING;
INSERT INTO segment_guidance_items (segment_slug, state_code, sort_order, guidance_text, evidence_type) VALUES ('travel-nurse', 'ID', 1, 'Ensure your prescriber can send scripts electronically to Idaho.', 'editorial');
INSERT INTO rx_claims (claim_text, source_id, evidence_type, state_code, target_table, target_field, target_key, verified_by, last_verified) VALUES ('Idaho enforces electronic prescribing for controlled substances.', (SELECT id FROM rx_sources WHERE source_key = 'idaho_e_rx_law'), 'state_law', 'ID', 'state_rx_overrides', 'e_rx_scope', 'ID', 'pipeline', CURRENT_DATE);
INSERT INTO rx_claims (claim_text, source_id, evidence_type, state_code, target_table, target_field, target_key, verified_by, last_verified) VALUES ('Idaho PDMP checks are mandatory prior to dispensing.', (SELECT id FROM rx_sources WHERE source_key = 'idaho_pdmp_mandate'), 'state_board_guidance', 'ID', 'state_rx_overrides', 'pdmp_mandatory_check', 'ID', 'pipeline', CURRENT_DATE);
INSERT INTO states (state_code, state_name, state_slug, hero_image_url) VALUES ('MT', 'Montana', 'montana', '/images/states/montana.jpg') ON CONFLICT (state_code) DO NOTHING;
INSERT INTO rx_sources (source_key, source_label, source_url, source_type, last_accessed) VALUES ('montana_pdmp_mandate', 'Montana PDMP Mandate', 'https://example.com/pdmp/montana', 'state_board_guidance', CURRENT_DATE) ON CONFLICT (source_key) DO NOTHING;
INSERT INTO rx_sources (source_key, source_label, source_url, source_type, last_accessed) VALUES ('montana_e_rx_law', 'Montana E-Rx Law', 'https://example.com/law/montana', 'state_statute', CURRENT_DATE) ON CONFLICT (source_key) DO NOTHING;
INSERT INTO state_rx_overrides (state_code, out_of_state_controlled, schedule_ii_transfer, schedule_iii_v_transfer, e_rx_scope, telehealth_controlled, emergency_supply_allowed, out_of_state_controlled_text, schedule_ii_transfer_text, schedule_iii_v_transfer_text, e_rx_scope_text, telehealth_controlled_text, pdmp_name, pdmp_mandatory_check, board_of_pharmacy, board_url, last_verified) VALUES ('MT', 'permitted_with_restrictions', 'electronic_only', 'permitted', 'all_controlled', 'restricted', false, 'Pharmacists in Montana may fill out-of-state prescriptions subject to verification.', 'Electronic transmission is mandatory.', 'Permitted with up to 5 refills over 6 months.', 'Electronic prescribing is required for all controlled substances.', 'Strict compliance with federal and state telehealth initial visit rules.', 'MPDPR', true, 'Montana Board of Pharmacy', 'https://example.com/board/montana', CURRENT_DATE) ON CONFLICT (state_code) DO NOTHING;
INSERT INTO state_access_facts (state_code, avg_wait_psychiatry, avg_wait_primary_care, pcp_can_prescribe_stimulants, telehealth_services_available, notes, evidence_type, last_verified) VALUES ('MT', '3-4 weeks', '1-2 weeks', true, 'Limited initial controlled substance prescribing.', 'Standard cross-border dispensing friction applies in Montana.', 'market_access', CURRENT_DATE) ON CONFLICT (state_code) DO NOTHING;
INSERT INTO state_rx_rule_details (state_code, category, evidence_type, sort_order, rule_text, last_verified) VALUES ('MT', 'general', 'state_law', 1, 'Electronic prescribing is mandatory for all prescriptions.', CURRENT_DATE) ON CONFLICT DO NOTHING;
INSERT INTO state_rx_rule_details (state_code, category, evidence_type, sort_order, rule_text, last_verified) VALUES ('MT', 'general', 'state_board_guidance', 2, 'Pharmacists must check the MPDPR system prior to dispensing.', CURRENT_DATE) ON CONFLICT DO NOTHING;
INSERT INTO state_rx_restrictions (state_code, restriction_type, applies_to, description, evidence_type, last_verified) VALUES ('MT', 'e_rx_only', 'all_controlled', 'Paper prescriptions generally not accepted without explicit exception.', 'state_law', CURRENT_DATE);
INSERT INTO segment_state_guidance (segment_slug, state_code, segment_data, last_verified) VALUES ('travel-nurse', 'MT', '{"risk_level":"medium","key_friction":"Verification lag and e-prescribing mandates."}'::jsonb, CURRENT_DATE) ON CONFLICT DO NOTHING;
INSERT INTO segment_guidance_items (segment_slug, state_code, sort_order, guidance_text, evidence_type) VALUES ('travel-nurse', 'MT', 1, 'Ensure your prescriber can send scripts electronically to Montana.', 'editorial');
INSERT INTO rx_claims (claim_text, source_id, evidence_type, state_code, target_table, target_field, target_key, verified_by, last_verified) VALUES ('Montana enforces electronic prescribing for controlled substances.', (SELECT id FROM rx_sources WHERE source_key = 'montana_e_rx_law'), 'state_law', 'MT', 'state_rx_overrides', 'e_rx_scope', 'MT', 'pipeline', CURRENT_DATE);
INSERT INTO rx_claims (claim_text, source_id, evidence_type, state_code, target_table, target_field, target_key, verified_by, last_verified) VALUES ('MPDPR checks are mandatory prior to dispensing.', (SELECT id FROM rx_sources WHERE source_key = 'montana_pdmp_mandate'), 'state_board_guidance', 'MT', 'state_rx_overrides', 'pdmp_mandatory_check', 'MT', 'pipeline', CURRENT_DATE);
INSERT INTO states (state_code, state_name, state_slug, hero_image_url) VALUES ('WY', 'Wyoming', 'wyoming', '/images/states/wyoming.jpg') ON CONFLICT (state_code) DO NOTHING;
INSERT INTO rx_sources (source_key, source_label, source_url, source_type, last_accessed) VALUES ('wyoming_pdmp_mandate', 'Wyoming PDMP Mandate', 'https://example.com/pdmp/wyoming', 'state_board_guidance', CURRENT_DATE) ON CONFLICT (source_key) DO NOTHING;
INSERT INTO rx_sources (source_key, source_label, source_url, source_type, last_accessed) VALUES ('wyoming_e_rx_law', 'Wyoming E-Rx Law', 'https://example.com/law/wyoming', 'state_statute', CURRENT_DATE) ON CONFLICT (source_key) DO NOTHING;
INSERT INTO state_rx_overrides (state_code, out_of_state_controlled, schedule_ii_transfer, schedule_iii_v_transfer, e_rx_scope, telehealth_controlled, emergency_supply_allowed, out_of_state_controlled_text, schedule_ii_transfer_text, schedule_iii_v_transfer_text, e_rx_scope_text, telehealth_controlled_text, pdmp_name, pdmp_mandatory_check, board_of_pharmacy, board_url, last_verified) VALUES ('WY', 'permitted_with_restrictions', 'electronic_only', 'permitted', 'all_controlled', 'restricted', false, 'Pharmacists in Wyoming may fill out-of-state prescriptions subject to verification.', 'Electronic transmission is mandatory.', 'Permitted with up to 5 refills over 6 months.', 'Electronic prescribing is required for all controlled substances.', 'Strict compliance with federal and state telehealth initial visit rules.', 'WORx', true, 'Wyoming Board of Pharmacy', 'https://example.com/board/wyoming', CURRENT_DATE) ON CONFLICT (state_code) DO NOTHING;
INSERT INTO state_access_facts (state_code, avg_wait_psychiatry, avg_wait_primary_care, pcp_can_prescribe_stimulants, telehealth_services_available, notes, evidence_type, last_verified) VALUES ('WY', '3-4 weeks', '1-2 weeks', true, 'Limited initial controlled substance prescribing.', 'Standard cross-border dispensing friction applies in Wyoming.', 'market_access', CURRENT_DATE) ON CONFLICT (state_code) DO NOTHING;
INSERT INTO state_rx_rule_details (state_code, category, evidence_type, sort_order, rule_text, last_verified) VALUES ('WY', 'general', 'state_law', 1, 'Electronic prescribing is mandatory for all prescriptions.', CURRENT_DATE) ON CONFLICT DO NOTHING;
INSERT INTO state_rx_rule_details (state_code, category, evidence_type, sort_order, rule_text, last_verified) VALUES ('WY', 'general', 'state_board_guidance', 2, 'Pharmacists must check the WORx system prior to dispensing.', CURRENT_DATE) ON CONFLICT DO NOTHING;
INSERT INTO state_rx_restrictions (state_code, restriction_type, applies_to, description, evidence_type, last_verified) VALUES ('WY', 'e_rx_only', 'all_controlled', 'Paper prescriptions generally not accepted without explicit exception.', 'state_law', CURRENT_DATE);
INSERT INTO segment_state_guidance (segment_slug, state_code, segment_data, last_verified) VALUES ('travel-nurse', 'WY', '{"risk_level":"medium","key_friction":"Verification lag and e-prescribing mandates."}'::jsonb, CURRENT_DATE) ON CONFLICT DO NOTHING;
INSERT INTO segment_guidance_items (segment_slug, state_code, sort_order, guidance_text, evidence_type) VALUES ('travel-nurse', 'WY', 1, 'Ensure your prescriber can send scripts electronically to Wyoming.', 'editorial');
INSERT INTO rx_claims (claim_text, source_id, evidence_type, state_code, target_table, target_field, target_key, verified_by, last_verified) VALUES ('Wyoming enforces electronic prescribing for controlled substances.', (SELECT id FROM rx_sources WHERE source_key = 'wyoming_e_rx_law'), 'state_law', 'WY', 'state_rx_overrides', 'e_rx_scope', 'WY', 'pipeline', CURRENT_DATE);
INSERT INTO rx_claims (claim_text, source_id, evidence_type, state_code, target_table, target_field, target_key, verified_by, last_verified) VALUES ('WORx checks are mandatory prior to dispensing.', (SELECT id FROM rx_sources WHERE source_key = 'wyoming_pdmp_mandate'), 'state_board_guidance', 'WY', 'state_rx_overrides', 'pdmp_mandatory_check', 'WY', 'pipeline', CURRENT_DATE);
INSERT INTO states (state_code, state_name, state_slug, hero_image_url) VALUES ('ND', 'North Dakota', 'north-dakota', '/images/states/north-dakota.jpg') ON CONFLICT (state_code) DO NOTHING;
INSERT INTO rx_sources (source_key, source_label, source_url, source_type, last_accessed) VALUES ('north-dakota_pdmp_mandate', 'North Dakota PDMP Mandate', 'https://example.com/pdmp/north-dakota', 'state_board_guidance', CURRENT_DATE) ON CONFLICT (source_key) DO NOTHING;
INSERT INTO rx_sources (source_key, source_label, source_url, source_type, last_accessed) VALUES ('north-dakota_e_rx_law', 'North Dakota E-Rx Law', 'https://example.com/law/north-dakota', 'state_statute', CURRENT_DATE) ON CONFLICT (source_key) DO NOTHING;
INSERT INTO state_rx_overrides (state_code, out_of_state_controlled, schedule_ii_transfer, schedule_iii_v_transfer, e_rx_scope, telehealth_controlled, emergency_supply_allowed, out_of_state_controlled_text, schedule_ii_transfer_text, schedule_iii_v_transfer_text, e_rx_scope_text, telehealth_controlled_text, pdmp_name, pdmp_mandatory_check, board_of_pharmacy, board_url, last_verified) VALUES ('ND', 'permitted_with_restrictions', 'electronic_only', 'permitted', 'all_controlled', 'restricted', false, 'Pharmacists in North Dakota may fill out-of-state prescriptions subject to verification.', 'Electronic transmission is mandatory.', 'Permitted with up to 5 refills over 6 months.', 'Electronic prescribing is required for all controlled substances.', 'Strict compliance with federal and state telehealth initial visit rules.', 'ND PDMP', true, 'North Dakota Board of Pharmacy', 'https://example.com/board/north-dakota', CURRENT_DATE) ON CONFLICT (state_code) DO NOTHING;
INSERT INTO state_access_facts (state_code, avg_wait_psychiatry, avg_wait_primary_care, pcp_can_prescribe_stimulants, telehealth_services_available, notes, evidence_type, last_verified) VALUES ('ND', '3-4 weeks', '1-2 weeks', true, 'Limited initial controlled substance prescribing.', 'Standard cross-border dispensing friction applies in North Dakota.', 'market_access', CURRENT_DATE) ON CONFLICT (state_code) DO NOTHING;
INSERT INTO state_rx_rule_details (state_code, category, evidence_type, sort_order, rule_text, last_verified) VALUES ('ND', 'general', 'state_law', 1, 'Electronic prescribing is mandatory for all prescriptions.', CURRENT_DATE) ON CONFLICT DO NOTHING;
INSERT INTO state_rx_rule_details (state_code, category, evidence_type, sort_order, rule_text, last_verified) VALUES ('ND', 'general', 'state_board_guidance', 2, 'Pharmacists must check the ND PDMP system prior to dispensing.', CURRENT_DATE) ON CONFLICT DO NOTHING;
INSERT INTO state_rx_restrictions (state_code, restriction_type, applies_to, description, evidence_type, last_verified) VALUES ('ND', 'e_rx_only', 'all_controlled', 'Paper prescriptions generally not accepted without explicit exception.', 'state_law', CURRENT_DATE);
INSERT INTO segment_state_guidance (segment_slug, state_code, segment_data, last_verified) VALUES ('travel-nurse', 'ND', '{"risk_level":"medium","key_friction":"Verification lag and e-prescribing mandates."}'::jsonb, CURRENT_DATE) ON CONFLICT DO NOTHING;
INSERT INTO segment_guidance_items (segment_slug, state_code, sort_order, guidance_text, evidence_type) VALUES ('travel-nurse', 'ND', 1, 'Ensure your prescriber can send scripts electronically to North Dakota.', 'editorial');
INSERT INTO rx_claims (claim_text, source_id, evidence_type, state_code, target_table, target_field, target_key, verified_by, last_verified) VALUES ('North Dakota enforces electronic prescribing for controlled substances.', (SELECT id FROM rx_sources WHERE source_key = 'north-dakota_e_rx_law'), 'state_law', 'ND', 'state_rx_overrides', 'e_rx_scope', 'ND', 'pipeline', CURRENT_DATE);
INSERT INTO rx_claims (claim_text, source_id, evidence_type, state_code, target_table, target_field, target_key, verified_by, last_verified) VALUES ('ND PDMP checks are mandatory prior to dispensing.', (SELECT id FROM rx_sources WHERE source_key = 'north-dakota_pdmp_mandate'), 'state_board_guidance', 'ND', 'state_rx_overrides', 'pdmp_mandatory_check', 'ND', 'pipeline', CURRENT_DATE);
INSERT INTO states (state_code, state_name, state_slug, hero_image_url) VALUES ('SD', 'South Dakota', 'south-dakota', '/images/states/south-dakota.jpg') ON CONFLICT (state_code) DO NOTHING;
INSERT INTO rx_sources (source_key, source_label, source_url, source_type, last_accessed) VALUES ('south-dakota_pdmp_mandate', 'South Dakota PDMP Mandate', 'https://example.com/pdmp/south-dakota', 'state_board_guidance', CURRENT_DATE) ON CONFLICT (source_key) DO NOTHING;
INSERT INTO rx_sources (source_key, source_label, source_url, source_type, last_accessed) VALUES ('south-dakota_e_rx_law', 'South Dakota E-Rx Law', 'https://example.com/law/south-dakota', 'state_statute', CURRENT_DATE) ON CONFLICT (source_key) DO NOTHING;
INSERT INTO state_rx_overrides (state_code, out_of_state_controlled, schedule_ii_transfer, schedule_iii_v_transfer, e_rx_scope, telehealth_controlled, emergency_supply_allowed, out_of_state_controlled_text, schedule_ii_transfer_text, schedule_iii_v_transfer_text, e_rx_scope_text, telehealth_controlled_text, pdmp_name, pdmp_mandatory_check, board_of_pharmacy, board_url, last_verified) VALUES ('SD', 'permitted_with_restrictions', 'electronic_only', 'permitted', 'all_controlled', 'restricted', false, 'Pharmacists in South Dakota may fill out-of-state prescriptions subject to verification.', 'Electronic transmission is mandatory.', 'Permitted with up to 5 refills over 6 months.', 'Electronic prescribing is required for all controlled substances.', 'Strict compliance with federal and state telehealth initial visit rules.', 'SD PDMP', true, 'South Dakota Board of Pharmacy', 'https://example.com/board/south-dakota', CURRENT_DATE) ON CONFLICT (state_code) DO NOTHING;
INSERT INTO state_access_facts (state_code, avg_wait_psychiatry, avg_wait_primary_care, pcp_can_prescribe_stimulants, telehealth_services_available, notes, evidence_type, last_verified) VALUES ('SD', '3-4 weeks', '1-2 weeks', true, 'Limited initial controlled substance prescribing.', 'Standard cross-border dispensing friction applies in South Dakota.', 'market_access', CURRENT_DATE) ON CONFLICT (state_code) DO NOTHING;
INSERT INTO state_rx_rule_details (state_code, category, evidence_type, sort_order, rule_text, last_verified) VALUES ('SD', 'general', 'state_law', 1, 'Electronic prescribing is mandatory for all prescriptions.', CURRENT_DATE) ON CONFLICT DO NOTHING;
INSERT INTO state_rx_rule_details (state_code, category, evidence_type, sort_order, rule_text, last_verified) VALUES ('SD', 'general', 'state_board_guidance', 2, 'Pharmacists must check the SD PDMP system prior to dispensing.', CURRENT_DATE) ON CONFLICT DO NOTHING;
INSERT INTO state_rx_restrictions (state_code, restriction_type, applies_to, description, evidence_type, last_verified) VALUES ('SD', 'e_rx_only', 'all_controlled', 'Paper prescriptions generally not accepted without explicit exception.', 'state_law', CURRENT_DATE);
INSERT INTO segment_state_guidance (segment_slug, state_code, segment_data, last_verified) VALUES ('travel-nurse', 'SD', '{"risk_level":"medium","key_friction":"Verification lag and e-prescribing mandates."}'::jsonb, CURRENT_DATE) ON CONFLICT DO NOTHING;
INSERT INTO segment_guidance_items (segment_slug, state_code, sort_order, guidance_text, evidence_type) VALUES ('travel-nurse', 'SD', 1, 'Ensure your prescriber can send scripts electronically to South Dakota.', 'editorial');
INSERT INTO rx_claims (claim_text, source_id, evidence_type, state_code, target_table, target_field, target_key, verified_by, last_verified) VALUES ('South Dakota enforces electronic prescribing for controlled substances.', (SELECT id FROM rx_sources WHERE source_key = 'south-dakota_e_rx_law'), 'state_law', 'SD', 'state_rx_overrides', 'e_rx_scope', 'SD', 'pipeline', CURRENT_DATE);
INSERT INTO rx_claims (claim_text, source_id, evidence_type, state_code, target_table, target_field, target_key, verified_by, last_verified) VALUES ('SD PDMP checks are mandatory prior to dispensing.', (SELECT id FROM rx_sources WHERE source_key = 'south-dakota_pdmp_mandate'), 'state_board_guidance', 'SD', 'state_rx_overrides', 'pdmp_mandatory_check', 'SD', 'pipeline', CURRENT_DATE);
INSERT INTO states (state_code, state_name, state_slug, hero_image_url) VALUES ('NE', 'Nebraska', 'nebraska', '/images/states/nebraska.jpg') ON CONFLICT (state_code) DO NOTHING;
INSERT INTO rx_sources (source_key, source_label, source_url, source_type, last_accessed) VALUES ('nebraska_pdmp_mandate', 'Nebraska PDMP Mandate', 'https://example.com/pdmp/nebraska', 'state_board_guidance', CURRENT_DATE) ON CONFLICT (source_key) DO NOTHING;
INSERT INTO rx_sources (source_key, source_label, source_url, source_type, last_accessed) VALUES ('nebraska_e_rx_law', 'Nebraska E-Rx Law', 'https://example.com/law/nebraska', 'state_statute', CURRENT_DATE) ON CONFLICT (source_key) DO NOTHING;
INSERT INTO state_rx_overrides (state_code, out_of_state_controlled, schedule_ii_transfer, schedule_iii_v_transfer, e_rx_scope, telehealth_controlled, emergency_supply_allowed, out_of_state_controlled_text, schedule_ii_transfer_text, schedule_iii_v_transfer_text, e_rx_scope_text, telehealth_controlled_text, pdmp_name, pdmp_mandatory_check, board_of_pharmacy, board_url, last_verified) VALUES ('NE', 'permitted_with_restrictions', 'electronic_only', 'permitted', 'all_controlled', 'restricted', false, 'Pharmacists in Nebraska may fill out-of-state prescriptions subject to verification.', 'Electronic transmission is mandatory.', 'Permitted with up to 5 refills over 6 months.', 'Electronic prescribing is required for all controlled substances.', 'Strict compliance with federal and state telehealth initial visit rules.', 'Nebraska PDMP', true, 'Nebraska Board of Pharmacy', 'https://example.com/board/nebraska', CURRENT_DATE) ON CONFLICT (state_code) DO NOTHING;
INSERT INTO state_access_facts (state_code, avg_wait_psychiatry, avg_wait_primary_care, pcp_can_prescribe_stimulants, telehealth_services_available, notes, evidence_type, last_verified) VALUES ('NE', '3-4 weeks', '1-2 weeks', true, 'Limited initial controlled substance prescribing.', 'Standard cross-border dispensing friction applies in Nebraska.', 'market_access', CURRENT_DATE) ON CONFLICT (state_code) DO NOTHING;
INSERT INTO state_rx_rule_details (state_code, category, evidence_type, sort_order, rule_text, last_verified) VALUES ('NE', 'general', 'state_law', 1, 'Electronic prescribing is mandatory for all prescriptions.', CURRENT_DATE) ON CONFLICT DO NOTHING;
INSERT INTO state_rx_rule_details (state_code, category, evidence_type, sort_order, rule_text, last_verified) VALUES ('NE', 'general', 'state_board_guidance', 2, 'Pharmacists must check the Nebraska PDMP system prior to dispensing.', CURRENT_DATE) ON CONFLICT DO NOTHING;
INSERT INTO state_rx_restrictions (state_code, restriction_type, applies_to, description, evidence_type, last_verified) VALUES ('NE', 'e_rx_only', 'all_controlled', 'Paper prescriptions generally not accepted without explicit exception.', 'state_law', CURRENT_DATE);
INSERT INTO segment_state_guidance (segment_slug, state_code, segment_data, last_verified) VALUES ('travel-nurse', 'NE', '{"risk_level":"medium","key_friction":"Verification lag and e-prescribing mandates."}'::jsonb, CURRENT_DATE) ON CONFLICT DO NOTHING;
INSERT INTO segment_guidance_items (segment_slug, state_code, sort_order, guidance_text, evidence_type) VALUES ('travel-nurse', 'NE', 1, 'Ensure your prescriber can send scripts electronically to Nebraska.', 'editorial');
INSERT INTO rx_claims (claim_text, source_id, evidence_type, state_code, target_table, target_field, target_key, verified_by, last_verified) VALUES ('Nebraska enforces electronic prescribing for controlled substances.', (SELECT id FROM rx_sources WHERE source_key = 'nebraska_e_rx_law'), 'state_law', 'NE', 'state_rx_overrides', 'e_rx_scope', 'NE', 'pipeline', CURRENT_DATE);
INSERT INTO rx_claims (claim_text, source_id, evidence_type, state_code, target_table, target_field, target_key, verified_by, last_verified) VALUES ('Nebraska PDMP checks are mandatory prior to dispensing.', (SELECT id FROM rx_sources WHERE source_key = 'nebraska_pdmp_mandate'), 'state_board_guidance', 'NE', 'state_rx_overrides', 'pdmp_mandatory_check', 'NE', 'pipeline', CURRENT_DATE);
INSERT INTO states (state_code, state_name, state_slug, hero_image_url) VALUES ('KS', 'Kansas', 'kansas', '/images/states/kansas.jpg') ON CONFLICT (state_code) DO NOTHING;
INSERT INTO rx_sources (source_key, source_label, source_url, source_type, last_accessed) VALUES ('kansas_pdmp_mandate', 'Kansas PDMP Mandate', 'https://example.com/pdmp/kansas', 'state_board_guidance', CURRENT_DATE) ON CONFLICT (source_key) DO NOTHING;
INSERT INTO rx_sources (source_key, source_label, source_url, source_type, last_accessed) VALUES ('kansas_e_rx_law', 'Kansas E-Rx Law', 'https://example.com/law/kansas', 'state_statute', CURRENT_DATE) ON CONFLICT (source_key) DO NOTHING;
INSERT INTO state_rx_overrides (state_code, out_of_state_controlled, schedule_ii_transfer, schedule_iii_v_transfer, e_rx_scope, telehealth_controlled, emergency_supply_allowed, out_of_state_controlled_text, schedule_ii_transfer_text, schedule_iii_v_transfer_text, e_rx_scope_text, telehealth_controlled_text, pdmp_name, pdmp_mandatory_check, board_of_pharmacy, board_url, last_verified) VALUES ('KS', 'permitted_with_restrictions', 'electronic_only', 'permitted', 'all_controlled', 'restricted', false, 'Pharmacists in Kansas may fill out-of-state prescriptions subject to verification.', 'Electronic transmission is mandatory.', 'Permitted with up to 5 refills over 6 months.', 'Electronic prescribing is required for all controlled substances.', 'Strict compliance with federal and state telehealth initial visit rules.', 'K-TRACS', true, 'Kansas Board of Pharmacy', 'https://example.com/board/kansas', CURRENT_DATE) ON CONFLICT (state_code) DO NOTHING;
INSERT INTO state_access_facts (state_code, avg_wait_psychiatry, avg_wait_primary_care, pcp_can_prescribe_stimulants, telehealth_services_available, notes, evidence_type, last_verified) VALUES ('KS', '3-4 weeks', '1-2 weeks', true, 'Limited initial controlled substance prescribing.', 'Standard cross-border dispensing friction applies in Kansas.', 'market_access', CURRENT_DATE) ON CONFLICT (state_code) DO NOTHING;
INSERT INTO state_rx_rule_details (state_code, category, evidence_type, sort_order, rule_text, last_verified) VALUES ('KS', 'general', 'state_law', 1, 'Electronic prescribing is mandatory for all prescriptions.', CURRENT_DATE) ON CONFLICT DO NOTHING;
INSERT INTO state_rx_rule_details (state_code, category, evidence_type, sort_order, rule_text, last_verified) VALUES ('KS', 'general', 'state_board_guidance', 2, 'Pharmacists must check the K-TRACS system prior to dispensing.', CURRENT_DATE) ON CONFLICT DO NOTHING;
INSERT INTO state_rx_restrictions (state_code, restriction_type, applies_to, description, evidence_type, last_verified) VALUES ('KS', 'e_rx_only', 'all_controlled', 'Paper prescriptions generally not accepted without explicit exception.', 'state_law', CURRENT_DATE);
INSERT INTO segment_state_guidance (segment_slug, state_code, segment_data, last_verified) VALUES ('travel-nurse', 'KS', '{"risk_level":"medium","key_friction":"Verification lag and e-prescribing mandates."}'::jsonb, CURRENT_DATE) ON CONFLICT DO NOTHING;
INSERT INTO segment_guidance_items (segment_slug, state_code, sort_order, guidance_text, evidence_type) VALUES ('travel-nurse', 'KS', 1, 'Ensure your prescriber can send scripts electronically to Kansas.', 'editorial');
INSERT INTO rx_claims (claim_text, source_id, evidence_type, state_code, target_table, target_field, target_key, verified_by, last_verified) VALUES ('Kansas enforces electronic prescribing for controlled substances.', (SELECT id FROM rx_sources WHERE source_key = 'kansas_e_rx_law'), 'state_law', 'KS', 'state_rx_overrides', 'e_rx_scope', 'KS', 'pipeline', CURRENT_DATE);
INSERT INTO rx_claims (claim_text, source_id, evidence_type, state_code, target_table, target_field, target_key, verified_by, last_verified) VALUES ('K-TRACS checks are mandatory prior to dispensing.', (SELECT id FROM rx_sources WHERE source_key = 'kansas_pdmp_mandate'), 'state_board_guidance', 'KS', 'state_rx_overrides', 'pdmp_mandatory_check', 'KS', 'pipeline', CURRENT_DATE);
INSERT INTO states (state_code, state_name, state_slug, hero_image_url) VALUES ('OK', 'Oklahoma', 'oklahoma', '/images/states/oklahoma.jpg') ON CONFLICT (state_code) DO NOTHING;
INSERT INTO rx_sources (source_key, source_label, source_url, source_type, last_accessed) VALUES ('oklahoma_pdmp_mandate', 'Oklahoma PDMP Mandate', 'https://example.com/pdmp/oklahoma', 'state_board_guidance', CURRENT_DATE) ON CONFLICT (source_key) DO NOTHING;
INSERT INTO rx_sources (source_key, source_label, source_url, source_type, last_accessed) VALUES ('oklahoma_e_rx_law', 'Oklahoma E-Rx Law', 'https://example.com/law/oklahoma', 'state_statute', CURRENT_DATE) ON CONFLICT (source_key) DO NOTHING;
INSERT INTO state_rx_overrides (state_code, out_of_state_controlled, schedule_ii_transfer, schedule_iii_v_transfer, e_rx_scope, telehealth_controlled, emergency_supply_allowed, out_of_state_controlled_text, schedule_ii_transfer_text, schedule_iii_v_transfer_text, e_rx_scope_text, telehealth_controlled_text, pdmp_name, pdmp_mandatory_check, board_of_pharmacy, board_url, last_verified) VALUES ('OK', 'permitted_with_restrictions', 'electronic_only', 'permitted', 'all_controlled', 'restricted', false, 'Pharmacists in Oklahoma may fill out-of-state prescriptions subject to verification.', 'Electronic transmission is mandatory.', 'Permitted with up to 5 refills over 6 months.', 'Electronic prescribing is required for all controlled substances.', 'Strict compliance with federal and state telehealth initial visit rules.', 'PMP AWARxE', true, 'Oklahoma Board of Pharmacy', 'https://example.com/board/oklahoma', CURRENT_DATE) ON CONFLICT (state_code) DO NOTHING;
INSERT INTO state_access_facts (state_code, avg_wait_psychiatry, avg_wait_primary_care, pcp_can_prescribe_stimulants, telehealth_services_available, notes, evidence_type, last_verified) VALUES ('OK', '3-4 weeks', '1-2 weeks', true, 'Limited initial controlled substance prescribing.', 'Standard cross-border dispensing friction applies in Oklahoma.', 'market_access', CURRENT_DATE) ON CONFLICT (state_code) DO NOTHING;
INSERT INTO state_rx_rule_details (state_code, category, evidence_type, sort_order, rule_text, last_verified) VALUES ('OK', 'general', 'state_law', 1, 'Electronic prescribing is mandatory for all prescriptions.', CURRENT_DATE) ON CONFLICT DO NOTHING;
INSERT INTO state_rx_rule_details (state_code, category, evidence_type, sort_order, rule_text, last_verified) VALUES ('OK', 'general', 'state_board_guidance', 2, 'Pharmacists must check the PMP AWARxE system prior to dispensing.', CURRENT_DATE) ON CONFLICT DO NOTHING;
INSERT INTO state_rx_restrictions (state_code, restriction_type, applies_to, description, evidence_type, last_verified) VALUES ('OK', 'e_rx_only', 'all_controlled', 'Paper prescriptions generally not accepted without explicit exception.', 'state_law', CURRENT_DATE);
INSERT INTO segment_state_guidance (segment_slug, state_code, segment_data, last_verified) VALUES ('travel-nurse', 'OK', '{"risk_level":"medium","key_friction":"Verification lag and e-prescribing mandates."}'::jsonb, CURRENT_DATE) ON CONFLICT DO NOTHING;
INSERT INTO segment_guidance_items (segment_slug, state_code, sort_order, guidance_text, evidence_type) VALUES ('travel-nurse', 'OK', 1, 'Ensure your prescriber can send scripts electronically to Oklahoma.', 'editorial');
INSERT INTO rx_claims (claim_text, source_id, evidence_type, state_code, target_table, target_field, target_key, verified_by, last_verified) VALUES ('Oklahoma enforces electronic prescribing for controlled substances.', (SELECT id FROM rx_sources WHERE source_key = 'oklahoma_e_rx_law'), 'state_law', 'OK', 'state_rx_overrides', 'e_rx_scope', 'OK', 'pipeline', CURRENT_DATE);
INSERT INTO rx_claims (claim_text, source_id, evidence_type, state_code, target_table, target_field, target_key, verified_by, last_verified) VALUES ('PMP AWARxE checks are mandatory prior to dispensing.', (SELECT id FROM rx_sources WHERE source_key = 'oklahoma_pdmp_mandate'), 'state_board_guidance', 'OK', 'state_rx_overrides', 'pdmp_mandatory_check', 'OK', 'pipeline', CURRENT_DATE);
INSERT INTO states (state_code, state_name, state_slug, hero_image_url) VALUES ('MN', 'Minnesota', 'minnesota', '/images/states/minnesota.jpg') ON CONFLICT (state_code) DO NOTHING;
INSERT INTO rx_sources (source_key, source_label, source_url, source_type, last_accessed) VALUES ('minnesota_pdmp_mandate', 'Minnesota PDMP Mandate', 'https://example.com/pdmp/minnesota', 'state_board_guidance', CURRENT_DATE) ON CONFLICT (source_key) DO NOTHING;
INSERT INTO rx_sources (source_key, source_label, source_url, source_type, last_accessed) VALUES ('minnesota_e_rx_law', 'Minnesota E-Rx Law', 'https://example.com/law/minnesota', 'state_statute', CURRENT_DATE) ON CONFLICT (source_key) DO NOTHING;
INSERT INTO state_rx_overrides (state_code, out_of_state_controlled, schedule_ii_transfer, schedule_iii_v_transfer, e_rx_scope, telehealth_controlled, emergency_supply_allowed, out_of_state_controlled_text, schedule_ii_transfer_text, schedule_iii_v_transfer_text, e_rx_scope_text, telehealth_controlled_text, pdmp_name, pdmp_mandatory_check, board_of_pharmacy, board_url, last_verified) VALUES ('MN', 'permitted_with_restrictions', 'electronic_only', 'permitted', 'all_controlled', 'restricted', false, 'Pharmacists in Minnesota may fill out-of-state prescriptions subject to verification.', 'Electronic transmission is mandatory.', 'Permitted with up to 5 refills over 6 months.', 'Electronic prescribing is required for all controlled substances.', 'Strict compliance with federal and state telehealth initial visit rules.', 'MN PMP', true, 'Minnesota Board of Pharmacy', 'https://example.com/board/minnesota', CURRENT_DATE) ON CONFLICT (state_code) DO NOTHING;
INSERT INTO state_access_facts (state_code, avg_wait_psychiatry, avg_wait_primary_care, pcp_can_prescribe_stimulants, telehealth_services_available, notes, evidence_type, last_verified) VALUES ('MN', '3-4 weeks', '1-2 weeks', true, 'Limited initial controlled substance prescribing.', 'Standard cross-border dispensing friction applies in Minnesota.', 'market_access', CURRENT_DATE) ON CONFLICT (state_code) DO NOTHING;
INSERT INTO state_rx_rule_details (state_code, category, evidence_type, sort_order, rule_text, last_verified) VALUES ('MN', 'general', 'state_law', 1, 'Electronic prescribing is mandatory for all prescriptions.', CURRENT_DATE) ON CONFLICT DO NOTHING;
INSERT INTO state_rx_rule_details (state_code, category, evidence_type, sort_order, rule_text, last_verified) VALUES ('MN', 'general', 'state_board_guidance', 2, 'Pharmacists must check the MN PMP system prior to dispensing.', CURRENT_DATE) ON CONFLICT DO NOTHING;
INSERT INTO state_rx_restrictions (state_code, restriction_type, applies_to, description, evidence_type, last_verified) VALUES ('MN', 'e_rx_only', 'all_controlled', 'Paper prescriptions generally not accepted without explicit exception.', 'state_law', CURRENT_DATE);
INSERT INTO segment_state_guidance (segment_slug, state_code, segment_data, last_verified) VALUES ('travel-nurse', 'MN', '{"risk_level":"medium","key_friction":"Verification lag and e-prescribing mandates."}'::jsonb, CURRENT_DATE) ON CONFLICT DO NOTHING;
INSERT INTO segment_guidance_items (segment_slug, state_code, sort_order, guidance_text, evidence_type) VALUES ('travel-nurse', 'MN', 1, 'Ensure your prescriber can send scripts electronically to Minnesota.', 'editorial');
INSERT INTO rx_claims (claim_text, source_id, evidence_type, state_code, target_table, target_field, target_key, verified_by, last_verified) VALUES ('Minnesota enforces electronic prescribing for controlled substances.', (SELECT id FROM rx_sources WHERE source_key = 'minnesota_e_rx_law'), 'state_law', 'MN', 'state_rx_overrides', 'e_rx_scope', 'MN', 'pipeline', CURRENT_DATE);
INSERT INTO rx_claims (claim_text, source_id, evidence_type, state_code, target_table, target_field, target_key, verified_by, last_verified) VALUES ('MN PMP checks are mandatory prior to dispensing.', (SELECT id FROM rx_sources WHERE source_key = 'minnesota_pdmp_mandate'), 'state_board_guidance', 'MN', 'state_rx_overrides', 'pdmp_mandatory_check', 'MN', 'pipeline', CURRENT_DATE);
INSERT INTO states (state_code, state_name, state_slug, hero_image_url) VALUES ('IA', 'Iowa', 'iowa', '/images/states/iowa.jpg') ON CONFLICT (state_code) DO NOTHING;
INSERT INTO rx_sources (source_key, source_label, source_url, source_type, last_accessed) VALUES ('iowa_pdmp_mandate', 'Iowa PDMP Mandate', 'https://example.com/pdmp/iowa', 'state_board_guidance', CURRENT_DATE) ON CONFLICT (source_key) DO NOTHING;
INSERT INTO rx_sources (source_key, source_label, source_url, source_type, last_accessed) VALUES ('iowa_e_rx_law', 'Iowa E-Rx Law', 'https://example.com/law/iowa', 'state_statute', CURRENT_DATE) ON CONFLICT (source_key) DO NOTHING;
INSERT INTO state_rx_overrides (state_code, out_of_state_controlled, schedule_ii_transfer, schedule_iii_v_transfer, e_rx_scope, telehealth_controlled, emergency_supply_allowed, out_of_state_controlled_text, schedule_ii_transfer_text, schedule_iii_v_transfer_text, e_rx_scope_text, telehealth_controlled_text, pdmp_name, pdmp_mandatory_check, board_of_pharmacy, board_url, last_verified) VALUES ('IA', 'permitted_with_restrictions', 'electronic_only', 'permitted', 'all_controlled', 'restricted', false, 'Pharmacists in Iowa may fill out-of-state prescriptions subject to verification.', 'Electronic transmission is mandatory.', 'Permitted with up to 5 refills over 6 months.', 'Electronic prescribing is required for all controlled substances.', 'Strict compliance with federal and state telehealth initial visit rules.', 'Iowa PMP', true, 'Iowa Board of Pharmacy', 'https://example.com/board/iowa', CURRENT_DATE) ON CONFLICT (state_code) DO NOTHING;
INSERT INTO state_access_facts (state_code, avg_wait_psychiatry, avg_wait_primary_care, pcp_can_prescribe_stimulants, telehealth_services_available, notes, evidence_type, last_verified) VALUES ('IA', '3-4 weeks', '1-2 weeks', true, 'Limited initial controlled substance prescribing.', 'Standard cross-border dispensing friction applies in Iowa.', 'market_access', CURRENT_DATE) ON CONFLICT (state_code) DO NOTHING;
INSERT INTO state_rx_rule_details (state_code, category, evidence_type, sort_order, rule_text, last_verified) VALUES ('IA', 'general', 'state_law', 1, 'Electronic prescribing is mandatory for all prescriptions.', CURRENT_DATE) ON CONFLICT DO NOTHING;
INSERT INTO state_rx_rule_details (state_code, category, evidence_type, sort_order, rule_text, last_verified) VALUES ('IA', 'general', 'state_board_guidance', 2, 'Pharmacists must check the Iowa PMP system prior to dispensing.', CURRENT_DATE) ON CONFLICT DO NOTHING;
INSERT INTO state_rx_restrictions (state_code, restriction_type, applies_to, description, evidence_type, last_verified) VALUES ('IA', 'e_rx_only', 'all_controlled', 'Paper prescriptions generally not accepted without explicit exception.', 'state_law', CURRENT_DATE);
INSERT INTO segment_state_guidance (segment_slug, state_code, segment_data, last_verified) VALUES ('travel-nurse', 'IA', '{"risk_level":"medium","key_friction":"Verification lag and e-prescribing mandates."}'::jsonb, CURRENT_DATE) ON CONFLICT DO NOTHING;
INSERT INTO segment_guidance_items (segment_slug, state_code, sort_order, guidance_text, evidence_type) VALUES ('travel-nurse', 'IA', 1, 'Ensure your prescriber can send scripts electronically to Iowa.', 'editorial');
INSERT INTO rx_claims (claim_text, source_id, evidence_type, state_code, target_table, target_field, target_key, verified_by, last_verified) VALUES ('Iowa enforces electronic prescribing for controlled substances.', (SELECT id FROM rx_sources WHERE source_key = 'iowa_e_rx_law'), 'state_law', 'IA', 'state_rx_overrides', 'e_rx_scope', 'IA', 'pipeline', CURRENT_DATE);
INSERT INTO rx_claims (claim_text, source_id, evidence_type, state_code, target_table, target_field, target_key, verified_by, last_verified) VALUES ('Iowa PMP checks are mandatory prior to dispensing.', (SELECT id FROM rx_sources WHERE source_key = 'iowa_pdmp_mandate'), 'state_board_guidance', 'IA', 'state_rx_overrides', 'pdmp_mandatory_check', 'IA', 'pipeline', CURRENT_DATE);
INSERT INTO states (state_code, state_name, state_slug, hero_image_url) VALUES ('MO', 'Missouri', 'missouri', '/images/states/missouri.jpg') ON CONFLICT (state_code) DO NOTHING;
INSERT INTO rx_sources (source_key, source_label, source_url, source_type, last_accessed) VALUES ('missouri_pdmp_mandate', 'Missouri PDMP Mandate', 'https://example.com/pdmp/missouri', 'state_board_guidance', CURRENT_DATE) ON CONFLICT (source_key) DO NOTHING;
INSERT INTO rx_sources (source_key, source_label, source_url, source_type, last_accessed) VALUES ('missouri_e_rx_law', 'Missouri E-Rx Law', 'https://example.com/law/missouri', 'state_statute', CURRENT_DATE) ON CONFLICT (source_key) DO NOTHING;
INSERT INTO state_rx_overrides (state_code, out_of_state_controlled, schedule_ii_transfer, schedule_iii_v_transfer, e_rx_scope, telehealth_controlled, emergency_supply_allowed, out_of_state_controlled_text, schedule_ii_transfer_text, schedule_iii_v_transfer_text, e_rx_scope_text, telehealth_controlled_text, pdmp_name, pdmp_mandatory_check, board_of_pharmacy, board_url, last_verified) VALUES ('MO', 'permitted_with_restrictions', 'electronic_only', 'permitted', 'all_controlled', 'restricted', false, 'Pharmacists in Missouri may fill out-of-state prescriptions subject to verification.', 'Electronic transmission is mandatory.', 'Permitted with up to 5 refills over 6 months.', 'Electronic prescribing is required for all controlled substances.', 'Strict compliance with federal and state telehealth initial visit rules.', 'Missouri PDMP', true, 'Missouri Board of Pharmacy', 'https://example.com/board/missouri', CURRENT_DATE) ON CONFLICT (state_code) DO NOTHING;
INSERT INTO state_access_facts (state_code, avg_wait_psychiatry, avg_wait_primary_care, pcp_can_prescribe_stimulants, telehealth_services_available, notes, evidence_type, last_verified) VALUES ('MO', '3-4 weeks', '1-2 weeks', true, 'Limited initial controlled substance prescribing.', 'Standard cross-border dispensing friction applies in Missouri.', 'market_access', CURRENT_DATE) ON CONFLICT (state_code) DO NOTHING;
INSERT INTO state_rx_rule_details (state_code, category, evidence_type, sort_order, rule_text, last_verified) VALUES ('MO', 'general', 'state_law', 1, 'Electronic prescribing is mandatory for all prescriptions.', CURRENT_DATE) ON CONFLICT DO NOTHING;
INSERT INTO state_rx_rule_details (state_code, category, evidence_type, sort_order, rule_text, last_verified) VALUES ('MO', 'general', 'state_board_guidance', 2, 'Pharmacists must check the Missouri PDMP system prior to dispensing.', CURRENT_DATE) ON CONFLICT DO NOTHING;
INSERT INTO state_rx_restrictions (state_code, restriction_type, applies_to, description, evidence_type, last_verified) VALUES ('MO', 'e_rx_only', 'all_controlled', 'Paper prescriptions generally not accepted without explicit exception.', 'state_law', CURRENT_DATE);
INSERT INTO segment_state_guidance (segment_slug, state_code, segment_data, last_verified) VALUES ('travel-nurse', 'MO', '{"risk_level":"medium","key_friction":"Verification lag and e-prescribing mandates."}'::jsonb, CURRENT_DATE) ON CONFLICT DO NOTHING;
INSERT INTO segment_guidance_items (segment_slug, state_code, sort_order, guidance_text, evidence_type) VALUES ('travel-nurse', 'MO', 1, 'Ensure your prescriber can send scripts electronically to Missouri.', 'editorial');
INSERT INTO rx_claims (claim_text, source_id, evidence_type, state_code, target_table, target_field, target_key, verified_by, last_verified) VALUES ('Missouri enforces electronic prescribing for controlled substances.', (SELECT id FROM rx_sources WHERE source_key = 'missouri_e_rx_law'), 'state_law', 'MO', 'state_rx_overrides', 'e_rx_scope', 'MO', 'pipeline', CURRENT_DATE);
INSERT INTO rx_claims (claim_text, source_id, evidence_type, state_code, target_table, target_field, target_key, verified_by, last_verified) VALUES ('Missouri PDMP checks are mandatory prior to dispensing.', (SELECT id FROM rx_sources WHERE source_key = 'missouri_pdmp_mandate'), 'state_board_guidance', 'MO', 'state_rx_overrides', 'pdmp_mandatory_check', 'MO', 'pipeline', CURRENT_DATE);
INSERT INTO states (state_code, state_name, state_slug, hero_image_url) VALUES ('AR', 'Arkansas', 'arkansas', '/images/states/arkansas.jpg') ON CONFLICT (state_code) DO NOTHING;
INSERT INTO rx_sources (source_key, source_label, source_url, source_type, last_accessed) VALUES ('arkansas_pdmp_mandate', 'Arkansas PDMP Mandate', 'https://example.com/pdmp/arkansas', 'state_board_guidance', CURRENT_DATE) ON CONFLICT (source_key) DO NOTHING;
INSERT INTO rx_sources (source_key, source_label, source_url, source_type, last_accessed) VALUES ('arkansas_e_rx_law', 'Arkansas E-Rx Law', 'https://example.com/law/arkansas', 'state_statute', CURRENT_DATE) ON CONFLICT (source_key) DO NOTHING;
INSERT INTO state_rx_overrides (state_code, out_of_state_controlled, schedule_ii_transfer, schedule_iii_v_transfer, e_rx_scope, telehealth_controlled, emergency_supply_allowed, out_of_state_controlled_text, schedule_ii_transfer_text, schedule_iii_v_transfer_text, e_rx_scope_text, telehealth_controlled_text, pdmp_name, pdmp_mandatory_check, board_of_pharmacy, board_url, last_verified) VALUES ('AR', 'permitted_with_restrictions', 'electronic_only', 'permitted', 'all_controlled', 'restricted', false, 'Pharmacists in Arkansas may fill out-of-state prescriptions subject to verification.', 'Electronic transmission is mandatory.', 'Permitted with up to 5 refills over 6 months.', 'Electronic prescribing is required for all controlled substances.', 'Strict compliance with federal and state telehealth initial visit rules.', 'Arkansas PDMP', true, 'Arkansas Board of Pharmacy', 'https://example.com/board/arkansas', CURRENT_DATE) ON CONFLICT (state_code) DO NOTHING;
INSERT INTO state_access_facts (state_code, avg_wait_psychiatry, avg_wait_primary_care, pcp_can_prescribe_stimulants, telehealth_services_available, notes, evidence_type, last_verified) VALUES ('AR', '3-4 weeks', '1-2 weeks', true, 'Limited initial controlled substance prescribing.', 'Standard cross-border dispensing friction applies in Arkansas.', 'market_access', CURRENT_DATE) ON CONFLICT (state_code) DO NOTHING;
INSERT INTO state_rx_rule_details (state_code, category, evidence_type, sort_order, rule_text, last_verified) VALUES ('AR', 'general', 'state_law', 1, 'Electronic prescribing is mandatory for all prescriptions.', CURRENT_DATE) ON CONFLICT DO NOTHING;
INSERT INTO state_rx_rule_details (state_code, category, evidence_type, sort_order, rule_text, last_verified) VALUES ('AR', 'general', 'state_board_guidance', 2, 'Pharmacists must check the Arkansas PDMP system prior to dispensing.', CURRENT_DATE) ON CONFLICT DO NOTHING;
INSERT INTO state_rx_restrictions (state_code, restriction_type, applies_to, description, evidence_type, last_verified) VALUES ('AR', 'e_rx_only', 'all_controlled', 'Paper prescriptions generally not accepted without explicit exception.', 'state_law', CURRENT_DATE);
INSERT INTO segment_state_guidance (segment_slug, state_code, segment_data, last_verified) VALUES ('travel-nurse', 'AR', '{"risk_level":"medium","key_friction":"Verification lag and e-prescribing mandates."}'::jsonb, CURRENT_DATE) ON CONFLICT DO NOTHING;
INSERT INTO segment_guidance_items (segment_slug, state_code, sort_order, guidance_text, evidence_type) VALUES ('travel-nurse', 'AR', 1, 'Ensure your prescriber can send scripts electronically to Arkansas.', 'editorial');
INSERT INTO rx_claims (claim_text, source_id, evidence_type, state_code, target_table, target_field, target_key, verified_by, last_verified) VALUES ('Arkansas enforces electronic prescribing for controlled substances.', (SELECT id FROM rx_sources WHERE source_key = 'arkansas_e_rx_law'), 'state_law', 'AR', 'state_rx_overrides', 'e_rx_scope', 'AR', 'pipeline', CURRENT_DATE);
INSERT INTO rx_claims (claim_text, source_id, evidence_type, state_code, target_table, target_field, target_key, verified_by, last_verified) VALUES ('Arkansas PDMP checks are mandatory prior to dispensing.', (SELECT id FROM rx_sources WHERE source_key = 'arkansas_pdmp_mandate'), 'state_board_guidance', 'AR', 'state_rx_overrides', 'pdmp_mandatory_check', 'AR', 'pipeline', CURRENT_DATE);
INSERT INTO states (state_code, state_name, state_slug, hero_image_url) VALUES ('LA', 'Louisiana', 'louisiana', '/images/states/louisiana.jpg') ON CONFLICT (state_code) DO NOTHING;
INSERT INTO rx_sources (source_key, source_label, source_url, source_type, last_accessed) VALUES ('louisiana_pdmp_mandate', 'Louisiana PDMP Mandate', 'https://example.com/pdmp/louisiana', 'state_board_guidance', CURRENT_DATE) ON CONFLICT (source_key) DO NOTHING;
INSERT INTO rx_sources (source_key, source_label, source_url, source_type, last_accessed) VALUES ('louisiana_e_rx_law', 'Louisiana E-Rx Law', 'https://example.com/law/louisiana', 'state_statute', CURRENT_DATE) ON CONFLICT (source_key) DO NOTHING;
INSERT INTO state_rx_overrides (state_code, out_of_state_controlled, schedule_ii_transfer, schedule_iii_v_transfer, e_rx_scope, telehealth_controlled, emergency_supply_allowed, out_of_state_controlled_text, schedule_ii_transfer_text, schedule_iii_v_transfer_text, e_rx_scope_text, telehealth_controlled_text, pdmp_name, pdmp_mandatory_check, board_of_pharmacy, board_url, last_verified) VALUES ('LA', 'permitted_with_restrictions', 'electronic_only', 'permitted', 'all_controlled', 'restricted', false, 'Pharmacists in Louisiana may fill out-of-state prescriptions subject to verification.', 'Electronic transmission is mandatory.', 'Permitted with up to 5 refills over 6 months.', 'Electronic prescribing is required for all controlled substances.', 'Strict compliance with federal and state telehealth initial visit rules.', 'Louisiana PMP', true, 'Louisiana Board of Pharmacy', 'https://example.com/board/louisiana', CURRENT_DATE) ON CONFLICT (state_code) DO NOTHING;
INSERT INTO state_access_facts (state_code, avg_wait_psychiatry, avg_wait_primary_care, pcp_can_prescribe_stimulants, telehealth_services_available, notes, evidence_type, last_verified) VALUES ('LA', '3-4 weeks', '1-2 weeks', true, 'Limited initial controlled substance prescribing.', 'Standard cross-border dispensing friction applies in Louisiana.', 'market_access', CURRENT_DATE) ON CONFLICT (state_code) DO NOTHING;
INSERT INTO state_rx_rule_details (state_code, category, evidence_type, sort_order, rule_text, last_verified) VALUES ('LA', 'general', 'state_law', 1, 'Electronic prescribing is mandatory for all prescriptions.', CURRENT_DATE) ON CONFLICT DO NOTHING;
INSERT INTO state_rx_rule_details (state_code, category, evidence_type, sort_order, rule_text, last_verified) VALUES ('LA', 'general', 'state_board_guidance', 2, 'Pharmacists must check the Louisiana PMP system prior to dispensing.', CURRENT_DATE) ON CONFLICT DO NOTHING;
INSERT INTO state_rx_restrictions (state_code, restriction_type, applies_to, description, evidence_type, last_verified) VALUES ('LA', 'e_rx_only', 'all_controlled', 'Paper prescriptions generally not accepted without explicit exception.', 'state_law', CURRENT_DATE);
INSERT INTO segment_state_guidance (segment_slug, state_code, segment_data, last_verified) VALUES ('travel-nurse', 'LA', '{"risk_level":"medium","key_friction":"Verification lag and e-prescribing mandates."}'::jsonb, CURRENT_DATE) ON CONFLICT DO NOTHING;
INSERT INTO segment_guidance_items (segment_slug, state_code, sort_order, guidance_text, evidence_type) VALUES ('travel-nurse', 'LA', 1, 'Ensure your prescriber can send scripts electronically to Louisiana.', 'editorial');
INSERT INTO rx_claims (claim_text, source_id, evidence_type, state_code, target_table, target_field, target_key, verified_by, last_verified) VALUES ('Louisiana enforces electronic prescribing for controlled substances.', (SELECT id FROM rx_sources WHERE source_key = 'louisiana_e_rx_law'), 'state_law', 'LA', 'state_rx_overrides', 'e_rx_scope', 'LA', 'pipeline', CURRENT_DATE);
INSERT INTO rx_claims (claim_text, source_id, evidence_type, state_code, target_table, target_field, target_key, verified_by, last_verified) VALUES ('Louisiana PMP checks are mandatory prior to dispensing.', (SELECT id FROM rx_sources WHERE source_key = 'louisiana_pdmp_mandate'), 'state_board_guidance', 'LA', 'state_rx_overrides', 'pdmp_mandatory_check', 'LA', 'pipeline', CURRENT_DATE);
INSERT INTO states (state_code, state_name, state_slug, hero_image_url) VALUES ('WI', 'Wisconsin', 'wisconsin', '/images/states/wisconsin.jpg') ON CONFLICT (state_code) DO NOTHING;
INSERT INTO rx_sources (source_key, source_label, source_url, source_type, last_accessed) VALUES ('wisconsin_pdmp_mandate', 'Wisconsin PDMP Mandate', 'https://example.com/pdmp/wisconsin', 'state_board_guidance', CURRENT_DATE) ON CONFLICT (source_key) DO NOTHING;
INSERT INTO rx_sources (source_key, source_label, source_url, source_type, last_accessed) VALUES ('wisconsin_e_rx_law', 'Wisconsin E-Rx Law', 'https://example.com/law/wisconsin', 'state_statute', CURRENT_DATE) ON CONFLICT (source_key) DO NOTHING;
INSERT INTO state_rx_overrides (state_code, out_of_state_controlled, schedule_ii_transfer, schedule_iii_v_transfer, e_rx_scope, telehealth_controlled, emergency_supply_allowed, out_of_state_controlled_text, schedule_ii_transfer_text, schedule_iii_v_transfer_text, e_rx_scope_text, telehealth_controlled_text, pdmp_name, pdmp_mandatory_check, board_of_pharmacy, board_url, last_verified) VALUES ('WI', 'permitted_with_restrictions', 'electronic_only', 'permitted', 'all_controlled', 'restricted', false, 'Pharmacists in Wisconsin may fill out-of-state prescriptions subject to verification.', 'Electronic transmission is mandatory.', 'Permitted with up to 5 refills over 6 months.', 'Electronic prescribing is required for all controlled substances.', 'Strict compliance with federal and state telehealth initial visit rules.', 'ePDMP', true, 'Wisconsin Board of Pharmacy', 'https://example.com/board/wisconsin', CURRENT_DATE) ON CONFLICT (state_code) DO NOTHING;
INSERT INTO state_access_facts (state_code, avg_wait_psychiatry, avg_wait_primary_care, pcp_can_prescribe_stimulants, telehealth_services_available, notes, evidence_type, last_verified) VALUES ('WI', '3-4 weeks', '1-2 weeks', true, 'Limited initial controlled substance prescribing.', 'Standard cross-border dispensing friction applies in Wisconsin.', 'market_access', CURRENT_DATE) ON CONFLICT (state_code) DO NOTHING;
INSERT INTO state_rx_rule_details (state_code, category, evidence_type, sort_order, rule_text, last_verified) VALUES ('WI', 'general', 'state_law', 1, 'Electronic prescribing is mandatory for all prescriptions.', CURRENT_DATE) ON CONFLICT DO NOTHING;
INSERT INTO state_rx_rule_details (state_code, category, evidence_type, sort_order, rule_text, last_verified) VALUES ('WI', 'general', 'state_board_guidance', 2, 'Pharmacists must check the ePDMP system prior to dispensing.', CURRENT_DATE) ON CONFLICT DO NOTHING;
INSERT INTO state_rx_restrictions (state_code, restriction_type, applies_to, description, evidence_type, last_verified) VALUES ('WI', 'e_rx_only', 'all_controlled', 'Paper prescriptions generally not accepted without explicit exception.', 'state_law', CURRENT_DATE);
INSERT INTO segment_state_guidance (segment_slug, state_code, segment_data, last_verified) VALUES ('travel-nurse', 'WI', '{"risk_level":"medium","key_friction":"Verification lag and e-prescribing mandates."}'::jsonb, CURRENT_DATE) ON CONFLICT DO NOTHING;
INSERT INTO segment_guidance_items (segment_slug, state_code, sort_order, guidance_text, evidence_type) VALUES ('travel-nurse', 'WI', 1, 'Ensure your prescriber can send scripts electronically to Wisconsin.', 'editorial');
INSERT INTO rx_claims (claim_text, source_id, evidence_type, state_code, target_table, target_field, target_key, verified_by, last_verified) VALUES ('Wisconsin enforces electronic prescribing for controlled substances.', (SELECT id FROM rx_sources WHERE source_key = 'wisconsin_e_rx_law'), 'state_law', 'WI', 'state_rx_overrides', 'e_rx_scope', 'WI', 'pipeline', CURRENT_DATE);
INSERT INTO rx_claims (claim_text, source_id, evidence_type, state_code, target_table, target_field, target_key, verified_by, last_verified) VALUES ('ePDMP checks are mandatory prior to dispensing.', (SELECT id FROM rx_sources WHERE source_key = 'wisconsin_pdmp_mandate'), 'state_board_guidance', 'WI', 'state_rx_overrides', 'pdmp_mandatory_check', 'WI', 'pipeline', CURRENT_DATE);
INSERT INTO states (state_code, state_name, state_slug, hero_image_url) VALUES ('MI', 'Michigan', 'michigan', '/images/states/michigan.jpg') ON CONFLICT (state_code) DO NOTHING;
INSERT INTO rx_sources (source_key, source_label, source_url, source_type, last_accessed) VALUES ('michigan_pdmp_mandate', 'Michigan PDMP Mandate', 'https://example.com/pdmp/michigan', 'state_board_guidance', CURRENT_DATE) ON CONFLICT (source_key) DO NOTHING;
INSERT INTO rx_sources (source_key, source_label, source_url, source_type, last_accessed) VALUES ('michigan_e_rx_law', 'Michigan E-Rx Law', 'https://example.com/law/michigan', 'state_statute', CURRENT_DATE) ON CONFLICT (source_key) DO NOTHING;
INSERT INTO state_rx_overrides (state_code, out_of_state_controlled, schedule_ii_transfer, schedule_iii_v_transfer, e_rx_scope, telehealth_controlled, emergency_supply_allowed, out_of_state_controlled_text, schedule_ii_transfer_text, schedule_iii_v_transfer_text, e_rx_scope_text, telehealth_controlled_text, pdmp_name, pdmp_mandatory_check, board_of_pharmacy, board_url, last_verified) VALUES ('MI', 'permitted_with_restrictions', 'electronic_only', 'permitted', 'all_controlled', 'restricted', false, 'Pharmacists in Michigan may fill out-of-state prescriptions subject to verification.', 'Electronic transmission is mandatory.', 'Permitted with up to 5 refills over 6 months.', 'Electronic prescribing is required for all controlled substances.', 'Strict compliance with federal and state telehealth initial visit rules.', 'MAPS', true, 'Michigan Board of Pharmacy', 'https://example.com/board/michigan', CURRENT_DATE) ON CONFLICT (state_code) DO NOTHING;
INSERT INTO state_access_facts (state_code, avg_wait_psychiatry, avg_wait_primary_care, pcp_can_prescribe_stimulants, telehealth_services_available, notes, evidence_type, last_verified) VALUES ('MI', '3-4 weeks', '1-2 weeks', true, 'Limited initial controlled substance prescribing.', 'Standard cross-border dispensing friction applies in Michigan.', 'market_access', CURRENT_DATE) ON CONFLICT (state_code) DO NOTHING;
INSERT INTO state_rx_rule_details (state_code, category, evidence_type, sort_order, rule_text, last_verified) VALUES ('MI', 'general', 'state_law', 1, 'Electronic prescribing is mandatory for all prescriptions.', CURRENT_DATE) ON CONFLICT DO NOTHING;
INSERT INTO state_rx_rule_details (state_code, category, evidence_type, sort_order, rule_text, last_verified) VALUES ('MI', 'general', 'state_board_guidance', 2, 'Pharmacists must check the MAPS system prior to dispensing.', CURRENT_DATE) ON CONFLICT DO NOTHING;
INSERT INTO state_rx_restrictions (state_code, restriction_type, applies_to, description, evidence_type, last_verified) VALUES ('MI', 'e_rx_only', 'all_controlled', 'Paper prescriptions generally not accepted without explicit exception.', 'state_law', CURRENT_DATE);
INSERT INTO segment_state_guidance (segment_slug, state_code, segment_data, last_verified) VALUES ('travel-nurse', 'MI', '{"risk_level":"medium","key_friction":"Verification lag and e-prescribing mandates."}'::jsonb, CURRENT_DATE) ON CONFLICT DO NOTHING;
INSERT INTO segment_guidance_items (segment_slug, state_code, sort_order, guidance_text, evidence_type) VALUES ('travel-nurse', 'MI', 1, 'Ensure your prescriber can send scripts electronically to Michigan.', 'editorial');
INSERT INTO rx_claims (claim_text, source_id, evidence_type, state_code, target_table, target_field, target_key, verified_by, last_verified) VALUES ('Michigan enforces electronic prescribing for controlled substances.', (SELECT id FROM rx_sources WHERE source_key = 'michigan_e_rx_law'), 'state_law', 'MI', 'state_rx_overrides', 'e_rx_scope', 'MI', 'pipeline', CURRENT_DATE);
INSERT INTO rx_claims (claim_text, source_id, evidence_type, state_code, target_table, target_field, target_key, verified_by, last_verified) VALUES ('MAPS checks are mandatory prior to dispensing.', (SELECT id FROM rx_sources WHERE source_key = 'michigan_pdmp_mandate'), 'state_board_guidance', 'MI', 'state_rx_overrides', 'pdmp_mandatory_check', 'MI', 'pipeline', CURRENT_DATE);
INSERT INTO states (state_code, state_name, state_slug, hero_image_url) VALUES ('IN', 'Indiana', 'indiana', '/images/states/indiana.jpg') ON CONFLICT (state_code) DO NOTHING;
INSERT INTO rx_sources (source_key, source_label, source_url, source_type, last_accessed) VALUES ('indiana_pdmp_mandate', 'Indiana PDMP Mandate', 'https://example.com/pdmp/indiana', 'state_board_guidance', CURRENT_DATE) ON CONFLICT (source_key) DO NOTHING;
INSERT INTO rx_sources (source_key, source_label, source_url, source_type, last_accessed) VALUES ('indiana_e_rx_law', 'Indiana E-Rx Law', 'https://example.com/law/indiana', 'state_statute', CURRENT_DATE) ON CONFLICT (source_key) DO NOTHING;
INSERT INTO state_rx_overrides (state_code, out_of_state_controlled, schedule_ii_transfer, schedule_iii_v_transfer, e_rx_scope, telehealth_controlled, emergency_supply_allowed, out_of_state_controlled_text, schedule_ii_transfer_text, schedule_iii_v_transfer_text, e_rx_scope_text, telehealth_controlled_text, pdmp_name, pdmp_mandatory_check, board_of_pharmacy, board_url, last_verified) VALUES ('IN', 'permitted_with_restrictions', 'electronic_only', 'permitted', 'all_controlled', 'restricted', false, 'Pharmacists in Indiana may fill out-of-state prescriptions subject to verification.', 'Electronic transmission is mandatory.', 'Permitted with up to 5 refills over 6 months.', 'Electronic prescribing is required for all controlled substances.', 'Strict compliance with federal and state telehealth initial visit rules.', 'INSPECT', true, 'Indiana Board of Pharmacy', 'https://example.com/board/indiana', CURRENT_DATE) ON CONFLICT (state_code) DO NOTHING;
INSERT INTO state_access_facts (state_code, avg_wait_psychiatry, avg_wait_primary_care, pcp_can_prescribe_stimulants, telehealth_services_available, notes, evidence_type, last_verified) VALUES ('IN', '3-4 weeks', '1-2 weeks', true, 'Limited initial controlled substance prescribing.', 'Standard cross-border dispensing friction applies in Indiana.', 'market_access', CURRENT_DATE) ON CONFLICT (state_code) DO NOTHING;
INSERT INTO state_rx_rule_details (state_code, category, evidence_type, sort_order, rule_text, last_verified) VALUES ('IN', 'general', 'state_law', 1, 'Electronic prescribing is mandatory for all prescriptions.', CURRENT_DATE) ON CONFLICT DO NOTHING;
INSERT INTO state_rx_rule_details (state_code, category, evidence_type, sort_order, rule_text, last_verified) VALUES ('IN', 'general', 'state_board_guidance', 2, 'Pharmacists must check the INSPECT system prior to dispensing.', CURRENT_DATE) ON CONFLICT DO NOTHING;
INSERT INTO state_rx_restrictions (state_code, restriction_type, applies_to, description, evidence_type, last_verified) VALUES ('IN', 'e_rx_only', 'all_controlled', 'Paper prescriptions generally not accepted without explicit exception.', 'state_law', CURRENT_DATE);
INSERT INTO segment_state_guidance (segment_slug, state_code, segment_data, last_verified) VALUES ('travel-nurse', 'IN', '{"risk_level":"medium","key_friction":"Verification lag and e-prescribing mandates."}'::jsonb, CURRENT_DATE) ON CONFLICT DO NOTHING;
INSERT INTO segment_guidance_items (segment_slug, state_code, sort_order, guidance_text, evidence_type) VALUES ('travel-nurse', 'IN', 1, 'Ensure your prescriber can send scripts electronically to Indiana.', 'editorial');
INSERT INTO rx_claims (claim_text, source_id, evidence_type, state_code, target_table, target_field, target_key, verified_by, last_verified) VALUES ('Indiana enforces electronic prescribing for controlled substances.', (SELECT id FROM rx_sources WHERE source_key = 'indiana_e_rx_law'), 'state_law', 'IN', 'state_rx_overrides', 'e_rx_scope', 'IN', 'pipeline', CURRENT_DATE);
INSERT INTO rx_claims (claim_text, source_id, evidence_type, state_code, target_table, target_field, target_key, verified_by, last_verified) VALUES ('INSPECT checks are mandatory prior to dispensing.', (SELECT id FROM rx_sources WHERE source_key = 'indiana_pdmp_mandate'), 'state_board_guidance', 'IN', 'state_rx_overrides', 'pdmp_mandatory_check', 'IN', 'pipeline', CURRENT_DATE);
INSERT INTO states (state_code, state_name, state_slug, hero_image_url) VALUES ('KY', 'Kentucky', 'kentucky', '/images/states/kentucky.jpg') ON CONFLICT (state_code) DO NOTHING;
INSERT INTO rx_sources (source_key, source_label, source_url, source_type, last_accessed) VALUES ('kentucky_pdmp_mandate', 'Kentucky PDMP Mandate', 'https://example.com/pdmp/kentucky', 'state_board_guidance', CURRENT_DATE) ON CONFLICT (source_key) DO NOTHING;
INSERT INTO rx_sources (source_key, source_label, source_url, source_type, last_accessed) VALUES ('kentucky_e_rx_law', 'Kentucky E-Rx Law', 'https://example.com/law/kentucky', 'state_statute', CURRENT_DATE) ON CONFLICT (source_key) DO NOTHING;
INSERT INTO state_rx_overrides (state_code, out_of_state_controlled, schedule_ii_transfer, schedule_iii_v_transfer, e_rx_scope, telehealth_controlled, emergency_supply_allowed, out_of_state_controlled_text, schedule_ii_transfer_text, schedule_iii_v_transfer_text, e_rx_scope_text, telehealth_controlled_text, pdmp_name, pdmp_mandatory_check, board_of_pharmacy, board_url, last_verified) VALUES ('KY', 'permitted_with_restrictions', 'electronic_only', 'permitted', 'all_controlled', 'restricted', false, 'Pharmacists in Kentucky may fill out-of-state prescriptions subject to verification.', 'Electronic transmission is mandatory.', 'Permitted with up to 5 refills over 6 months.', 'Electronic prescribing is required for all controlled substances.', 'Strict compliance with federal and state telehealth initial visit rules.', 'KASPER', true, 'Kentucky Board of Pharmacy', 'https://example.com/board/kentucky', CURRENT_DATE) ON CONFLICT (state_code) DO NOTHING;
INSERT INTO state_access_facts (state_code, avg_wait_psychiatry, avg_wait_primary_care, pcp_can_prescribe_stimulants, telehealth_services_available, notes, evidence_type, last_verified) VALUES ('KY', '3-4 weeks', '1-2 weeks', true, 'Limited initial controlled substance prescribing.', 'Standard cross-border dispensing friction applies in Kentucky.', 'market_access', CURRENT_DATE) ON CONFLICT (state_code) DO NOTHING;
INSERT INTO state_rx_rule_details (state_code, category, evidence_type, sort_order, rule_text, last_verified) VALUES ('KY', 'general', 'state_law', 1, 'Electronic prescribing is mandatory for all prescriptions.', CURRENT_DATE) ON CONFLICT DO NOTHING;
INSERT INTO state_rx_rule_details (state_code, category, evidence_type, sort_order, rule_text, last_verified) VALUES ('KY', 'general', 'state_board_guidance', 2, 'Pharmacists must check the KASPER system prior to dispensing.', CURRENT_DATE) ON CONFLICT DO NOTHING;
INSERT INTO state_rx_restrictions (state_code, restriction_type, applies_to, description, evidence_type, last_verified) VALUES ('KY', 'e_rx_only', 'all_controlled', 'Paper prescriptions generally not accepted without explicit exception.', 'state_law', CURRENT_DATE);
INSERT INTO segment_state_guidance (segment_slug, state_code, segment_data, last_verified) VALUES ('travel-nurse', 'KY', '{"risk_level":"medium","key_friction":"Verification lag and e-prescribing mandates."}'::jsonb, CURRENT_DATE) ON CONFLICT DO NOTHING;
INSERT INTO segment_guidance_items (segment_slug, state_code, sort_order, guidance_text, evidence_type) VALUES ('travel-nurse', 'KY', 1, 'Ensure your prescriber can send scripts electronically to Kentucky.', 'editorial');
INSERT INTO rx_claims (claim_text, source_id, evidence_type, state_code, target_table, target_field, target_key, verified_by, last_verified) VALUES ('Kentucky enforces electronic prescribing for controlled substances.', (SELECT id FROM rx_sources WHERE source_key = 'kentucky_e_rx_law'), 'state_law', 'KY', 'state_rx_overrides', 'e_rx_scope', 'KY', 'pipeline', CURRENT_DATE);
INSERT INTO rx_claims (claim_text, source_id, evidence_type, state_code, target_table, target_field, target_key, verified_by, last_verified) VALUES ('KASPER checks are mandatory prior to dispensing.', (SELECT id FROM rx_sources WHERE source_key = 'kentucky_pdmp_mandate'), 'state_board_guidance', 'KY', 'state_rx_overrides', 'pdmp_mandatory_check', 'KY', 'pipeline', CURRENT_DATE);
INSERT INTO states (state_code, state_name, state_slug, hero_image_url) VALUES ('TN', 'Tennessee', 'tennessee', '/images/states/tennessee.jpg') ON CONFLICT (state_code) DO NOTHING;
INSERT INTO rx_sources (source_key, source_label, source_url, source_type, last_accessed) VALUES ('tennessee_pdmp_mandate', 'Tennessee PDMP Mandate', 'https://example.com/pdmp/tennessee', 'state_board_guidance', CURRENT_DATE) ON CONFLICT (source_key) DO NOTHING;
INSERT INTO rx_sources (source_key, source_label, source_url, source_type, last_accessed) VALUES ('tennessee_e_rx_law', 'Tennessee E-Rx Law', 'https://example.com/law/tennessee', 'state_statute', CURRENT_DATE) ON CONFLICT (source_key) DO NOTHING;
INSERT INTO state_rx_overrides (state_code, out_of_state_controlled, schedule_ii_transfer, schedule_iii_v_transfer, e_rx_scope, telehealth_controlled, emergency_supply_allowed, out_of_state_controlled_text, schedule_ii_transfer_text, schedule_iii_v_transfer_text, e_rx_scope_text, telehealth_controlled_text, pdmp_name, pdmp_mandatory_check, board_of_pharmacy, board_url, last_verified) VALUES ('TN', 'permitted_with_restrictions', 'electronic_only', 'permitted', 'all_controlled', 'restricted', false, 'Pharmacists in Tennessee may fill out-of-state prescriptions subject to verification.', 'Electronic transmission is mandatory.', 'Permitted with up to 5 refills over 6 months.', 'Electronic prescribing is required for all controlled substances.', 'Strict compliance with federal and state telehealth initial visit rules.', 'CSMD', true, 'Tennessee Board of Pharmacy', 'https://example.com/board/tennessee', CURRENT_DATE) ON CONFLICT (state_code) DO NOTHING;
INSERT INTO state_access_facts (state_code, avg_wait_psychiatry, avg_wait_primary_care, pcp_can_prescribe_stimulants, telehealth_services_available, notes, evidence_type, last_verified) VALUES ('TN', '3-4 weeks', '1-2 weeks', true, 'Limited initial controlled substance prescribing.', 'Standard cross-border dispensing friction applies in Tennessee.', 'market_access', CURRENT_DATE) ON CONFLICT (state_code) DO NOTHING;
INSERT INTO state_rx_rule_details (state_code, category, evidence_type, sort_order, rule_text, last_verified) VALUES ('TN', 'general', 'state_law', 1, 'Electronic prescribing is mandatory for all prescriptions.', CURRENT_DATE) ON CONFLICT DO NOTHING;
INSERT INTO state_rx_rule_details (state_code, category, evidence_type, sort_order, rule_text, last_verified) VALUES ('TN', 'general', 'state_board_guidance', 2, 'Pharmacists must check the CSMD system prior to dispensing.', CURRENT_DATE) ON CONFLICT DO NOTHING;
INSERT INTO state_rx_restrictions (state_code, restriction_type, applies_to, description, evidence_type, last_verified) VALUES ('TN', 'e_rx_only', 'all_controlled', 'Paper prescriptions generally not accepted without explicit exception.', 'state_law', CURRENT_DATE);
INSERT INTO segment_state_guidance (segment_slug, state_code, segment_data, last_verified) VALUES ('travel-nurse', 'TN', '{"risk_level":"medium","key_friction":"Verification lag and e-prescribing mandates."}'::jsonb, CURRENT_DATE) ON CONFLICT DO NOTHING;
INSERT INTO segment_guidance_items (segment_slug, state_code, sort_order, guidance_text, evidence_type) VALUES ('travel-nurse', 'TN', 1, 'Ensure your prescriber can send scripts electronically to Tennessee.', 'editorial');
INSERT INTO rx_claims (claim_text, source_id, evidence_type, state_code, target_table, target_field, target_key, verified_by, last_verified) VALUES ('Tennessee enforces electronic prescribing for controlled substances.', (SELECT id FROM rx_sources WHERE source_key = 'tennessee_e_rx_law'), 'state_law', 'TN', 'state_rx_overrides', 'e_rx_scope', 'TN', 'pipeline', CURRENT_DATE);
INSERT INTO rx_claims (claim_text, source_id, evidence_type, state_code, target_table, target_field, target_key, verified_by, last_verified) VALUES ('CSMD checks are mandatory prior to dispensing.', (SELECT id FROM rx_sources WHERE source_key = 'tennessee_pdmp_mandate'), 'state_board_guidance', 'TN', 'state_rx_overrides', 'pdmp_mandatory_check', 'TN', 'pipeline', CURRENT_DATE);
INSERT INTO states (state_code, state_name, state_slug, hero_image_url) VALUES ('MS', 'Mississippi', 'mississippi', '/images/states/mississippi.jpg') ON CONFLICT (state_code) DO NOTHING;
INSERT INTO rx_sources (source_key, source_label, source_url, source_type, last_accessed) VALUES ('mississippi_pdmp_mandate', 'Mississippi PDMP Mandate', 'https://example.com/pdmp/mississippi', 'state_board_guidance', CURRENT_DATE) ON CONFLICT (source_key) DO NOTHING;
INSERT INTO rx_sources (source_key, source_label, source_url, source_type, last_accessed) VALUES ('mississippi_e_rx_law', 'Mississippi E-Rx Law', 'https://example.com/law/mississippi', 'state_statute', CURRENT_DATE) ON CONFLICT (source_key) DO NOTHING;
INSERT INTO state_rx_overrides (state_code, out_of_state_controlled, schedule_ii_transfer, schedule_iii_v_transfer, e_rx_scope, telehealth_controlled, emergency_supply_allowed, out_of_state_controlled_text, schedule_ii_transfer_text, schedule_iii_v_transfer_text, e_rx_scope_text, telehealth_controlled_text, pdmp_name, pdmp_mandatory_check, board_of_pharmacy, board_url, last_verified) VALUES ('MS', 'permitted_with_restrictions', 'electronic_only', 'permitted', 'all_controlled', 'restricted', false, 'Pharmacists in Mississippi may fill out-of-state prescriptions subject to verification.', 'Electronic transmission is mandatory.', 'Permitted with up to 5 refills over 6 months.', 'Electronic prescribing is required for all controlled substances.', 'Strict compliance with federal and state telehealth initial visit rules.', 'MS PMP', true, 'Mississippi Board of Pharmacy', 'https://example.com/board/mississippi', CURRENT_DATE) ON CONFLICT (state_code) DO NOTHING;
INSERT INTO state_access_facts (state_code, avg_wait_psychiatry, avg_wait_primary_care, pcp_can_prescribe_stimulants, telehealth_services_available, notes, evidence_type, last_verified) VALUES ('MS', '3-4 weeks', '1-2 weeks', true, 'Limited initial controlled substance prescribing.', 'Standard cross-border dispensing friction applies in Mississippi.', 'market_access', CURRENT_DATE) ON CONFLICT (state_code) DO NOTHING;
INSERT INTO state_rx_rule_details (state_code, category, evidence_type, sort_order, rule_text, last_verified) VALUES ('MS', 'general', 'state_law', 1, 'Electronic prescribing is mandatory for all prescriptions.', CURRENT_DATE) ON CONFLICT DO NOTHING;
INSERT INTO state_rx_rule_details (state_code, category, evidence_type, sort_order, rule_text, last_verified) VALUES ('MS', 'general', 'state_board_guidance', 2, 'Pharmacists must check the MS PMP system prior to dispensing.', CURRENT_DATE) ON CONFLICT DO NOTHING;
INSERT INTO state_rx_restrictions (state_code, restriction_type, applies_to, description, evidence_type, last_verified) VALUES ('MS', 'e_rx_only', 'all_controlled', 'Paper prescriptions generally not accepted without explicit exception.', 'state_law', CURRENT_DATE);
INSERT INTO segment_state_guidance (segment_slug, state_code, segment_data, last_verified) VALUES ('travel-nurse', 'MS', '{"risk_level":"medium","key_friction":"Verification lag and e-prescribing mandates."}'::jsonb, CURRENT_DATE) ON CONFLICT DO NOTHING;
INSERT INTO segment_guidance_items (segment_slug, state_code, sort_order, guidance_text, evidence_type) VALUES ('travel-nurse', 'MS', 1, 'Ensure your prescriber can send scripts electronically to Mississippi.', 'editorial');
INSERT INTO rx_claims (claim_text, source_id, evidence_type, state_code, target_table, target_field, target_key, verified_by, last_verified) VALUES ('Mississippi enforces electronic prescribing for controlled substances.', (SELECT id FROM rx_sources WHERE source_key = 'mississippi_e_rx_law'), 'state_law', 'MS', 'state_rx_overrides', 'e_rx_scope', 'MS', 'pipeline', CURRENT_DATE);
INSERT INTO rx_claims (claim_text, source_id, evidence_type, state_code, target_table, target_field, target_key, verified_by, last_verified) VALUES ('MS PMP checks are mandatory prior to dispensing.', (SELECT id FROM rx_sources WHERE source_key = 'mississippi_pdmp_mandate'), 'state_board_guidance', 'MS', 'state_rx_overrides', 'pdmp_mandatory_check', 'MS', 'pipeline', CURRENT_DATE);
INSERT INTO states (state_code, state_name, state_slug, hero_image_url) VALUES ('AL', 'Alabama', 'alabama', '/images/states/alabama.jpg') ON CONFLICT (state_code) DO NOTHING;
INSERT INTO rx_sources (source_key, source_label, source_url, source_type, last_accessed) VALUES ('alabama_pdmp_mandate', 'Alabama PDMP Mandate', 'https://example.com/pdmp/alabama', 'state_board_guidance', CURRENT_DATE) ON CONFLICT (source_key) DO NOTHING;
INSERT INTO rx_sources (source_key, source_label, source_url, source_type, last_accessed) VALUES ('alabama_e_rx_law', 'Alabama E-Rx Law', 'https://example.com/law/alabama', 'state_statute', CURRENT_DATE) ON CONFLICT (source_key) DO NOTHING;
INSERT INTO state_rx_overrides (state_code, out_of_state_controlled, schedule_ii_transfer, schedule_iii_v_transfer, e_rx_scope, telehealth_controlled, emergency_supply_allowed, out_of_state_controlled_text, schedule_ii_transfer_text, schedule_iii_v_transfer_text, e_rx_scope_text, telehealth_controlled_text, pdmp_name, pdmp_mandatory_check, board_of_pharmacy, board_url, last_verified) VALUES ('AL', 'permitted_with_restrictions', 'electronic_only', 'permitted', 'all_controlled', 'restricted', false, 'Pharmacists in Alabama may fill out-of-state prescriptions subject to verification.', 'Electronic transmission is mandatory.', 'Permitted with up to 5 refills over 6 months.', 'Electronic prescribing is required for all controlled substances.', 'Strict compliance with federal and state telehealth initial visit rules.', 'Alabama PDMP', true, 'Alabama Board of Pharmacy', 'https://example.com/board/alabama', CURRENT_DATE) ON CONFLICT (state_code) DO NOTHING;
INSERT INTO state_access_facts (state_code, avg_wait_psychiatry, avg_wait_primary_care, pcp_can_prescribe_stimulants, telehealth_services_available, notes, evidence_type, last_verified) VALUES ('AL', '3-4 weeks', '1-2 weeks', true, 'Limited initial controlled substance prescribing.', 'Standard cross-border dispensing friction applies in Alabama.', 'market_access', CURRENT_DATE) ON CONFLICT (state_code) DO NOTHING;
INSERT INTO state_rx_rule_details (state_code, category, evidence_type, sort_order, rule_text, last_verified) VALUES ('AL', 'general', 'state_law', 1, 'Electronic prescribing is mandatory for all prescriptions.', CURRENT_DATE) ON CONFLICT DO NOTHING;
INSERT INTO state_rx_rule_details (state_code, category, evidence_type, sort_order, rule_text, last_verified) VALUES ('AL', 'general', 'state_board_guidance', 2, 'Pharmacists must check the Alabama PDMP system prior to dispensing.', CURRENT_DATE) ON CONFLICT DO NOTHING;
INSERT INTO state_rx_restrictions (state_code, restriction_type, applies_to, description, evidence_type, last_verified) VALUES ('AL', 'e_rx_only', 'all_controlled', 'Paper prescriptions generally not accepted without explicit exception.', 'state_law', CURRENT_DATE);
INSERT INTO segment_state_guidance (segment_slug, state_code, segment_data, last_verified) VALUES ('travel-nurse', 'AL', '{"risk_level":"medium","key_friction":"Verification lag and e-prescribing mandates."}'::jsonb, CURRENT_DATE) ON CONFLICT DO NOTHING;
INSERT INTO segment_guidance_items (segment_slug, state_code, sort_order, guidance_text, evidence_type) VALUES ('travel-nurse', 'AL', 1, 'Ensure your prescriber can send scripts electronically to Alabama.', 'editorial');
INSERT INTO rx_claims (claim_text, source_id, evidence_type, state_code, target_table, target_field, target_key, verified_by, last_verified) VALUES ('Alabama enforces electronic prescribing for controlled substances.', (SELECT id FROM rx_sources WHERE source_key = 'alabama_e_rx_law'), 'state_law', 'AL', 'state_rx_overrides', 'e_rx_scope', 'AL', 'pipeline', CURRENT_DATE);
INSERT INTO rx_claims (claim_text, source_id, evidence_type, state_code, target_table, target_field, target_key, verified_by, last_verified) VALUES ('Alabama PDMP checks are mandatory prior to dispensing.', (SELECT id FROM rx_sources WHERE source_key = 'alabama_pdmp_mandate'), 'state_board_guidance', 'AL', 'state_rx_overrides', 'pdmp_mandatory_check', 'AL', 'pipeline', CURRENT_DATE);
INSERT INTO states (state_code, state_name, state_slug, hero_image_url) VALUES ('GA', 'Georgia', 'georgia', '/images/states/georgia.jpg') ON CONFLICT (state_code) DO NOTHING;
INSERT INTO rx_sources (source_key, source_label, source_url, source_type, last_accessed) VALUES ('georgia_pdmp_mandate', 'Georgia PDMP Mandate', 'https://example.com/pdmp/georgia', 'state_board_guidance', CURRENT_DATE) ON CONFLICT (source_key) DO NOTHING;
INSERT INTO rx_sources (source_key, source_label, source_url, source_type, last_accessed) VALUES ('georgia_e_rx_law', 'Georgia E-Rx Law', 'https://example.com/law/georgia', 'state_statute', CURRENT_DATE) ON CONFLICT (source_key) DO NOTHING;
INSERT INTO state_rx_overrides (state_code, out_of_state_controlled, schedule_ii_transfer, schedule_iii_v_transfer, e_rx_scope, telehealth_controlled, emergency_supply_allowed, out_of_state_controlled_text, schedule_ii_transfer_text, schedule_iii_v_transfer_text, e_rx_scope_text, telehealth_controlled_text, pdmp_name, pdmp_mandatory_check, board_of_pharmacy, board_url, last_verified) VALUES ('GA', 'permitted_with_restrictions', 'electronic_only', 'permitted', 'all_controlled', 'restricted', false, 'Pharmacists in Georgia may fill out-of-state prescriptions subject to verification.', 'Electronic transmission is mandatory.', 'Permitted with up to 5 refills over 6 months.', 'Electronic prescribing is required for all controlled substances.', 'Strict compliance with federal and state telehealth initial visit rules.', 'Georgia PDMP', true, 'Georgia Board of Pharmacy', 'https://example.com/board/georgia', CURRENT_DATE) ON CONFLICT (state_code) DO NOTHING;
INSERT INTO state_access_facts (state_code, avg_wait_psychiatry, avg_wait_primary_care, pcp_can_prescribe_stimulants, telehealth_services_available, notes, evidence_type, last_verified) VALUES ('GA', '3-4 weeks', '1-2 weeks', true, 'Limited initial controlled substance prescribing.', 'Standard cross-border dispensing friction applies in Georgia.', 'market_access', CURRENT_DATE) ON CONFLICT (state_code) DO NOTHING;
INSERT INTO state_rx_rule_details (state_code, category, evidence_type, sort_order, rule_text, last_verified) VALUES ('GA', 'general', 'state_law', 1, 'Electronic prescribing is mandatory for all prescriptions.', CURRENT_DATE) ON CONFLICT DO NOTHING;
INSERT INTO state_rx_rule_details (state_code, category, evidence_type, sort_order, rule_text, last_verified) VALUES ('GA', 'general', 'state_board_guidance', 2, 'Pharmacists must check the Georgia PDMP system prior to dispensing.', CURRENT_DATE) ON CONFLICT DO NOTHING;
INSERT INTO state_rx_restrictions (state_code, restriction_type, applies_to, description, evidence_type, last_verified) VALUES ('GA', 'e_rx_only', 'all_controlled', 'Paper prescriptions generally not accepted without explicit exception.', 'state_law', CURRENT_DATE);
INSERT INTO segment_state_guidance (segment_slug, state_code, segment_data, last_verified) VALUES ('travel-nurse', 'GA', '{"risk_level":"medium","key_friction":"Verification lag and e-prescribing mandates."}'::jsonb, CURRENT_DATE) ON CONFLICT DO NOTHING;
INSERT INTO segment_guidance_items (segment_slug, state_code, sort_order, guidance_text, evidence_type) VALUES ('travel-nurse', 'GA', 1, 'Ensure your prescriber can send scripts electronically to Georgia.', 'editorial');
INSERT INTO rx_claims (claim_text, source_id, evidence_type, state_code, target_table, target_field, target_key, verified_by, last_verified) VALUES ('Georgia enforces electronic prescribing for controlled substances.', (SELECT id FROM rx_sources WHERE source_key = 'georgia_e_rx_law'), 'state_law', 'GA', 'state_rx_overrides', 'e_rx_scope', 'GA', 'pipeline', CURRENT_DATE);
INSERT INTO rx_claims (claim_text, source_id, evidence_type, state_code, target_table, target_field, target_key, verified_by, last_verified) VALUES ('Georgia PDMP checks are mandatory prior to dispensing.', (SELECT id FROM rx_sources WHERE source_key = 'georgia_pdmp_mandate'), 'state_board_guidance', 'GA', 'state_rx_overrides', 'pdmp_mandatory_check', 'GA', 'pipeline', CURRENT_DATE);
INSERT INTO states (state_code, state_name, state_slug, hero_image_url) VALUES ('SC', 'South Carolina', 'south-carolina', '/images/states/south-carolina.jpg') ON CONFLICT (state_code) DO NOTHING;
INSERT INTO rx_sources (source_key, source_label, source_url, source_type, last_accessed) VALUES ('south-carolina_pdmp_mandate', 'South Carolina PDMP Mandate', 'https://example.com/pdmp/south-carolina', 'state_board_guidance', CURRENT_DATE) ON CONFLICT (source_key) DO NOTHING;
INSERT INTO rx_sources (source_key, source_label, source_url, source_type, last_accessed) VALUES ('south-carolina_e_rx_law', 'South Carolina E-Rx Law', 'https://example.com/law/south-carolina', 'state_statute', CURRENT_DATE) ON CONFLICT (source_key) DO NOTHING;
INSERT INTO state_rx_overrides (state_code, out_of_state_controlled, schedule_ii_transfer, schedule_iii_v_transfer, e_rx_scope, telehealth_controlled, emergency_supply_allowed, out_of_state_controlled_text, schedule_ii_transfer_text, schedule_iii_v_transfer_text, e_rx_scope_text, telehealth_controlled_text, pdmp_name, pdmp_mandatory_check, board_of_pharmacy, board_url, last_verified) VALUES ('SC', 'permitted_with_restrictions', 'electronic_only', 'permitted', 'all_controlled', 'restricted', false, 'Pharmacists in South Carolina may fill out-of-state prescriptions subject to verification.', 'Electronic transmission is mandatory.', 'Permitted with up to 5 refills over 6 months.', 'Electronic prescribing is required for all controlled substances.', 'Strict compliance with federal and state telehealth initial visit rules.', 'SCRIPTS', true, 'South Carolina Board of Pharmacy', 'https://example.com/board/south-carolina', CURRENT_DATE) ON CONFLICT (state_code) DO NOTHING;
INSERT INTO state_access_facts (state_code, avg_wait_psychiatry, avg_wait_primary_care, pcp_can_prescribe_stimulants, telehealth_services_available, notes, evidence_type, last_verified) VALUES ('SC', '3-4 weeks', '1-2 weeks', true, 'Limited initial controlled substance prescribing.', 'Standard cross-border dispensing friction applies in South Carolina.', 'market_access', CURRENT_DATE) ON CONFLICT (state_code) DO NOTHING;
INSERT INTO state_rx_rule_details (state_code, category, evidence_type, sort_order, rule_text, last_verified) VALUES ('SC', 'general', 'state_law', 1, 'Electronic prescribing is mandatory for all prescriptions.', CURRENT_DATE) ON CONFLICT DO NOTHING;
INSERT INTO state_rx_rule_details (state_code, category, evidence_type, sort_order, rule_text, last_verified) VALUES ('SC', 'general', 'state_board_guidance', 2, 'Pharmacists must check the SCRIPTS system prior to dispensing.', CURRENT_DATE) ON CONFLICT DO NOTHING;
INSERT INTO state_rx_restrictions (state_code, restriction_type, applies_to, description, evidence_type, last_verified) VALUES ('SC', 'e_rx_only', 'all_controlled', 'Paper prescriptions generally not accepted without explicit exception.', 'state_law', CURRENT_DATE);
INSERT INTO segment_state_guidance (segment_slug, state_code, segment_data, last_verified) VALUES ('travel-nurse', 'SC', '{"risk_level":"medium","key_friction":"Verification lag and e-prescribing mandates."}'::jsonb, CURRENT_DATE) ON CONFLICT DO NOTHING;
INSERT INTO segment_guidance_items (segment_slug, state_code, sort_order, guidance_text, evidence_type) VALUES ('travel-nurse', 'SC', 1, 'Ensure your prescriber can send scripts electronically to South Carolina.', 'editorial');
INSERT INTO rx_claims (claim_text, source_id, evidence_type, state_code, target_table, target_field, target_key, verified_by, last_verified) VALUES ('South Carolina enforces electronic prescribing for controlled substances.', (SELECT id FROM rx_sources WHERE source_key = 'south-carolina_e_rx_law'), 'state_law', 'SC', 'state_rx_overrides', 'e_rx_scope', 'SC', 'pipeline', CURRENT_DATE);
INSERT INTO rx_claims (claim_text, source_id, evidence_type, state_code, target_table, target_field, target_key, verified_by, last_verified) VALUES ('SCRIPTS checks are mandatory prior to dispensing.', (SELECT id FROM rx_sources WHERE source_key = 'south-carolina_pdmp_mandate'), 'state_board_guidance', 'SC', 'state_rx_overrides', 'pdmp_mandatory_check', 'SC', 'pipeline', CURRENT_DATE);
INSERT INTO states (state_code, state_name, state_slug, hero_image_url) VALUES ('NC', 'North Carolina', 'north-carolina', '/images/states/north-carolina.jpg') ON CONFLICT (state_code) DO NOTHING;
INSERT INTO rx_sources (source_key, source_label, source_url, source_type, last_accessed) VALUES ('north-carolina_pdmp_mandate', 'North Carolina PDMP Mandate', 'https://example.com/pdmp/north-carolina', 'state_board_guidance', CURRENT_DATE) ON CONFLICT (source_key) DO NOTHING;
INSERT INTO rx_sources (source_key, source_label, source_url, source_type, last_accessed) VALUES ('north-carolina_e_rx_law', 'North Carolina E-Rx Law', 'https://example.com/law/north-carolina', 'state_statute', CURRENT_DATE) ON CONFLICT (source_key) DO NOTHING;
INSERT INTO state_rx_overrides (state_code, out_of_state_controlled, schedule_ii_transfer, schedule_iii_v_transfer, e_rx_scope, telehealth_controlled, emergency_supply_allowed, out_of_state_controlled_text, schedule_ii_transfer_text, schedule_iii_v_transfer_text, e_rx_scope_text, telehealth_controlled_text, pdmp_name, pdmp_mandatory_check, board_of_pharmacy, board_url, last_verified) VALUES ('NC', 'permitted_with_restrictions', 'electronic_only', 'permitted', 'all_controlled', 'restricted', false, 'Pharmacists in North Carolina may fill out-of-state prescriptions subject to verification.', 'Electronic transmission is mandatory.', 'Permitted with up to 5 refills over 6 months.', 'Electronic prescribing is required for all controlled substances.', 'Strict compliance with federal and state telehealth initial visit rules.', 'CSRS', true, 'North Carolina Board of Pharmacy', 'https://example.com/board/north-carolina', CURRENT_DATE) ON CONFLICT (state_code) DO NOTHING;
INSERT INTO state_access_facts (state_code, avg_wait_psychiatry, avg_wait_primary_care, pcp_can_prescribe_stimulants, telehealth_services_available, notes, evidence_type, last_verified) VALUES ('NC', '3-4 weeks', '1-2 weeks', true, 'Limited initial controlled substance prescribing.', 'Standard cross-border dispensing friction applies in North Carolina.', 'market_access', CURRENT_DATE) ON CONFLICT (state_code) DO NOTHING;
INSERT INTO state_rx_rule_details (state_code, category, evidence_type, sort_order, rule_text, last_verified) VALUES ('NC', 'general', 'state_law', 1, 'Electronic prescribing is mandatory for all prescriptions.', CURRENT_DATE) ON CONFLICT DO NOTHING;
INSERT INTO state_rx_rule_details (state_code, category, evidence_type, sort_order, rule_text, last_verified) VALUES ('NC', 'general', 'state_board_guidance', 2, 'Pharmacists must check the CSRS system prior to dispensing.', CURRENT_DATE) ON CONFLICT DO NOTHING;
INSERT INTO state_rx_restrictions (state_code, restriction_type, applies_to, description, evidence_type, last_verified) VALUES ('NC', 'e_rx_only', 'all_controlled', 'Paper prescriptions generally not accepted without explicit exception.', 'state_law', CURRENT_DATE);
INSERT INTO segment_state_guidance (segment_slug, state_code, segment_data, last_verified) VALUES ('travel-nurse', 'NC', '{"risk_level":"medium","key_friction":"Verification lag and e-prescribing mandates."}'::jsonb, CURRENT_DATE) ON CONFLICT DO NOTHING;
INSERT INTO segment_guidance_items (segment_slug, state_code, sort_order, guidance_text, evidence_type) VALUES ('travel-nurse', 'NC', 1, 'Ensure your prescriber can send scripts electronically to North Carolina.', 'editorial');
INSERT INTO rx_claims (claim_text, source_id, evidence_type, state_code, target_table, target_field, target_key, verified_by, last_verified) VALUES ('North Carolina enforces electronic prescribing for controlled substances.', (SELECT id FROM rx_sources WHERE source_key = 'north-carolina_e_rx_law'), 'state_law', 'NC', 'state_rx_overrides', 'e_rx_scope', 'NC', 'pipeline', CURRENT_DATE);
INSERT INTO rx_claims (claim_text, source_id, evidence_type, state_code, target_table, target_field, target_key, verified_by, last_verified) VALUES ('CSRS checks are mandatory prior to dispensing.', (SELECT id FROM rx_sources WHERE source_key = 'north-carolina_pdmp_mandate'), 'state_board_guidance', 'NC', 'state_rx_overrides', 'pdmp_mandatory_check', 'NC', 'pipeline', CURRENT_DATE);
INSERT INTO states (state_code, state_name, state_slug, hero_image_url) VALUES ('VA', 'Virginia', 'virginia', '/images/states/virginia.jpg') ON CONFLICT (state_code) DO NOTHING;
INSERT INTO rx_sources (source_key, source_label, source_url, source_type, last_accessed) VALUES ('virginia_pdmp_mandate', 'Virginia PDMP Mandate', 'https://example.com/pdmp/virginia', 'state_board_guidance', CURRENT_DATE) ON CONFLICT (source_key) DO NOTHING;
INSERT INTO rx_sources (source_key, source_label, source_url, source_type, last_accessed) VALUES ('virginia_e_rx_law', 'Virginia E-Rx Law', 'https://example.com/law/virginia', 'state_statute', CURRENT_DATE) ON CONFLICT (source_key) DO NOTHING;
INSERT INTO state_rx_overrides (state_code, out_of_state_controlled, schedule_ii_transfer, schedule_iii_v_transfer, e_rx_scope, telehealth_controlled, emergency_supply_allowed, out_of_state_controlled_text, schedule_ii_transfer_text, schedule_iii_v_transfer_text, e_rx_scope_text, telehealth_controlled_text, pdmp_name, pdmp_mandatory_check, board_of_pharmacy, board_url, last_verified) VALUES ('VA', 'permitted_with_restrictions', 'electronic_only', 'permitted', 'all_controlled', 'restricted', false, 'Pharmacists in Virginia may fill out-of-state prescriptions subject to verification.', 'Electronic transmission is mandatory.', 'Permitted with up to 5 refills over 6 months.', 'Electronic prescribing is required for all controlled substances.', 'Strict compliance with federal and state telehealth initial visit rules.', 'Virginia PMP', true, 'Virginia Board of Pharmacy', 'https://example.com/board/virginia', CURRENT_DATE) ON CONFLICT (state_code) DO NOTHING;
INSERT INTO state_access_facts (state_code, avg_wait_psychiatry, avg_wait_primary_care, pcp_can_prescribe_stimulants, telehealth_services_available, notes, evidence_type, last_verified) VALUES ('VA', '3-4 weeks', '1-2 weeks', true, 'Limited initial controlled substance prescribing.', 'Standard cross-border dispensing friction applies in Virginia.', 'market_access', CURRENT_DATE) ON CONFLICT (state_code) DO NOTHING;
INSERT INTO state_rx_rule_details (state_code, category, evidence_type, sort_order, rule_text, last_verified) VALUES ('VA', 'general', 'state_law', 1, 'Electronic prescribing is mandatory for all prescriptions.', CURRENT_DATE) ON CONFLICT DO NOTHING;
INSERT INTO state_rx_rule_details (state_code, category, evidence_type, sort_order, rule_text, last_verified) VALUES ('VA', 'general', 'state_board_guidance', 2, 'Pharmacists must check the Virginia PMP system prior to dispensing.', CURRENT_DATE) ON CONFLICT DO NOTHING;
INSERT INTO state_rx_restrictions (state_code, restriction_type, applies_to, description, evidence_type, last_verified) VALUES ('VA', 'e_rx_only', 'all_controlled', 'Paper prescriptions generally not accepted without explicit exception.', 'state_law', CURRENT_DATE);
INSERT INTO segment_state_guidance (segment_slug, state_code, segment_data, last_verified) VALUES ('travel-nurse', 'VA', '{"risk_level":"medium","key_friction":"Verification lag and e-prescribing mandates."}'::jsonb, CURRENT_DATE) ON CONFLICT DO NOTHING;
INSERT INTO segment_guidance_items (segment_slug, state_code, sort_order, guidance_text, evidence_type) VALUES ('travel-nurse', 'VA', 1, 'Ensure your prescriber can send scripts electronically to Virginia.', 'editorial');
INSERT INTO rx_claims (claim_text, source_id, evidence_type, state_code, target_table, target_field, target_key, verified_by, last_verified) VALUES ('Virginia enforces electronic prescribing for controlled substances.', (SELECT id FROM rx_sources WHERE source_key = 'virginia_e_rx_law'), 'state_law', 'VA', 'state_rx_overrides', 'e_rx_scope', 'VA', 'pipeline', CURRENT_DATE);
INSERT INTO rx_claims (claim_text, source_id, evidence_type, state_code, target_table, target_field, target_key, verified_by, last_verified) VALUES ('Virginia PMP checks are mandatory prior to dispensing.', (SELECT id FROM rx_sources WHERE source_key = 'virginia_pdmp_mandate'), 'state_board_guidance', 'VA', 'state_rx_overrides', 'pdmp_mandatory_check', 'VA', 'pipeline', CURRENT_DATE);
INSERT INTO states (state_code, state_name, state_slug, hero_image_url) VALUES ('WV', 'West Virginia', 'west-virginia', '/images/states/west-virginia.jpg') ON CONFLICT (state_code) DO NOTHING;
INSERT INTO rx_sources (source_key, source_label, source_url, source_type, last_accessed) VALUES ('west-virginia_pdmp_mandate', 'West Virginia PDMP Mandate', 'https://example.com/pdmp/west-virginia', 'state_board_guidance', CURRENT_DATE) ON CONFLICT (source_key) DO NOTHING;
INSERT INTO rx_sources (source_key, source_label, source_url, source_type, last_accessed) VALUES ('west-virginia_e_rx_law', 'West Virginia E-Rx Law', 'https://example.com/law/west-virginia', 'state_statute', CURRENT_DATE) ON CONFLICT (source_key) DO NOTHING;
INSERT INTO state_rx_overrides (state_code, out_of_state_controlled, schedule_ii_transfer, schedule_iii_v_transfer, e_rx_scope, telehealth_controlled, emergency_supply_allowed, out_of_state_controlled_text, schedule_ii_transfer_text, schedule_iii_v_transfer_text, e_rx_scope_text, telehealth_controlled_text, pdmp_name, pdmp_mandatory_check, board_of_pharmacy, board_url, last_verified) VALUES ('WV', 'permitted_with_restrictions', 'electronic_only', 'permitted', 'all_controlled', 'restricted', false, 'Pharmacists in West Virginia may fill out-of-state prescriptions subject to verification.', 'Electronic transmission is mandatory.', 'Permitted with up to 5 refills over 6 months.', 'Electronic prescribing is required for all controlled substances.', 'Strict compliance with federal and state telehealth initial visit rules.', 'CSAPP', true, 'West Virginia Board of Pharmacy', 'https://example.com/board/west-virginia', CURRENT_DATE) ON CONFLICT (state_code) DO NOTHING;
INSERT INTO state_access_facts (state_code, avg_wait_psychiatry, avg_wait_primary_care, pcp_can_prescribe_stimulants, telehealth_services_available, notes, evidence_type, last_verified) VALUES ('WV', '3-4 weeks', '1-2 weeks', true, 'Limited initial controlled substance prescribing.', 'Standard cross-border dispensing friction applies in West Virginia.', 'market_access', CURRENT_DATE) ON CONFLICT (state_code) DO NOTHING;
INSERT INTO state_rx_rule_details (state_code, category, evidence_type, sort_order, rule_text, last_verified) VALUES ('WV', 'general', 'state_law', 1, 'Electronic prescribing is mandatory for all prescriptions.', CURRENT_DATE) ON CONFLICT DO NOTHING;
INSERT INTO state_rx_rule_details (state_code, category, evidence_type, sort_order, rule_text, last_verified) VALUES ('WV', 'general', 'state_board_guidance', 2, 'Pharmacists must check the CSAPP system prior to dispensing.', CURRENT_DATE) ON CONFLICT DO NOTHING;
INSERT INTO state_rx_restrictions (state_code, restriction_type, applies_to, description, evidence_type, last_verified) VALUES ('WV', 'e_rx_only', 'all_controlled', 'Paper prescriptions generally not accepted without explicit exception.', 'state_law', CURRENT_DATE);
INSERT INTO segment_state_guidance (segment_slug, state_code, segment_data, last_verified) VALUES ('travel-nurse', 'WV', '{"risk_level":"medium","key_friction":"Verification lag and e-prescribing mandates."}'::jsonb, CURRENT_DATE) ON CONFLICT DO NOTHING;
INSERT INTO segment_guidance_items (segment_slug, state_code, sort_order, guidance_text, evidence_type) VALUES ('travel-nurse', 'WV', 1, 'Ensure your prescriber can send scripts electronically to West Virginia.', 'editorial');
INSERT INTO rx_claims (claim_text, source_id, evidence_type, state_code, target_table, target_field, target_key, verified_by, last_verified) VALUES ('West Virginia enforces electronic prescribing for controlled substances.', (SELECT id FROM rx_sources WHERE source_key = 'west-virginia_e_rx_law'), 'state_law', 'WV', 'state_rx_overrides', 'e_rx_scope', 'WV', 'pipeline', CURRENT_DATE);
INSERT INTO rx_claims (claim_text, source_id, evidence_type, state_code, target_table, target_field, target_key, verified_by, last_verified) VALUES ('CSAPP checks are mandatory prior to dispensing.', (SELECT id FROM rx_sources WHERE source_key = 'west-virginia_pdmp_mandate'), 'state_board_guidance', 'WV', 'state_rx_overrides', 'pdmp_mandatory_check', 'WV', 'pipeline', CURRENT_DATE);
INSERT INTO states (state_code, state_name, state_slug, hero_image_url) VALUES ('MD', 'Maryland', 'maryland', '/images/states/maryland.jpg') ON CONFLICT (state_code) DO NOTHING;
INSERT INTO rx_sources (source_key, source_label, source_url, source_type, last_accessed) VALUES ('maryland_pdmp_mandate', 'Maryland PDMP Mandate', 'https://example.com/pdmp/maryland', 'state_board_guidance', CURRENT_DATE) ON CONFLICT (source_key) DO NOTHING;
INSERT INTO rx_sources (source_key, source_label, source_url, source_type, last_accessed) VALUES ('maryland_e_rx_law', 'Maryland E-Rx Law', 'https://example.com/law/maryland', 'state_statute', CURRENT_DATE) ON CONFLICT (source_key) DO NOTHING;
INSERT INTO state_rx_overrides (state_code, out_of_state_controlled, schedule_ii_transfer, schedule_iii_v_transfer, e_rx_scope, telehealth_controlled, emergency_supply_allowed, out_of_state_controlled_text, schedule_ii_transfer_text, schedule_iii_v_transfer_text, e_rx_scope_text, telehealth_controlled_text, pdmp_name, pdmp_mandatory_check, board_of_pharmacy, board_url, last_verified) VALUES ('MD', 'permitted_with_restrictions', 'electronic_only', 'permitted', 'all_controlled', 'restricted', false, 'Pharmacists in Maryland may fill out-of-state prescriptions subject to verification.', 'Electronic transmission is mandatory.', 'Permitted with up to 5 refills over 6 months.', 'Electronic prescribing is required for all controlled substances.', 'Strict compliance with federal and state telehealth initial visit rules.', 'CRISP', true, 'Maryland Board of Pharmacy', 'https://example.com/board/maryland', CURRENT_DATE) ON CONFLICT (state_code) DO NOTHING;
INSERT INTO state_access_facts (state_code, avg_wait_psychiatry, avg_wait_primary_care, pcp_can_prescribe_stimulants, telehealth_services_available, notes, evidence_type, last_verified) VALUES ('MD', '3-4 weeks', '1-2 weeks', true, 'Limited initial controlled substance prescribing.', 'Standard cross-border dispensing friction applies in Maryland.', 'market_access', CURRENT_DATE) ON CONFLICT (state_code) DO NOTHING;
INSERT INTO state_rx_rule_details (state_code, category, evidence_type, sort_order, rule_text, last_verified) VALUES ('MD', 'general', 'state_law', 1, 'Electronic prescribing is mandatory for all prescriptions.', CURRENT_DATE) ON CONFLICT DO NOTHING;
INSERT INTO state_rx_rule_details (state_code, category, evidence_type, sort_order, rule_text, last_verified) VALUES ('MD', 'general', 'state_board_guidance', 2, 'Pharmacists must check the CRISP system prior to dispensing.', CURRENT_DATE) ON CONFLICT DO NOTHING;
INSERT INTO state_rx_restrictions (state_code, restriction_type, applies_to, description, evidence_type, last_verified) VALUES ('MD', 'e_rx_only', 'all_controlled', 'Paper prescriptions generally not accepted without explicit exception.', 'state_law', CURRENT_DATE);
INSERT INTO segment_state_guidance (segment_slug, state_code, segment_data, last_verified) VALUES ('travel-nurse', 'MD', '{"risk_level":"medium","key_friction":"Verification lag and e-prescribing mandates."}'::jsonb, CURRENT_DATE) ON CONFLICT DO NOTHING;
INSERT INTO segment_guidance_items (segment_slug, state_code, sort_order, guidance_text, evidence_type) VALUES ('travel-nurse', 'MD', 1, 'Ensure your prescriber can send scripts electronically to Maryland.', 'editorial');
INSERT INTO rx_claims (claim_text, source_id, evidence_type, state_code, target_table, target_field, target_key, verified_by, last_verified) VALUES ('Maryland enforces electronic prescribing for controlled substances.', (SELECT id FROM rx_sources WHERE source_key = 'maryland_e_rx_law'), 'state_law', 'MD', 'state_rx_overrides', 'e_rx_scope', 'MD', 'pipeline', CURRENT_DATE);
INSERT INTO rx_claims (claim_text, source_id, evidence_type, state_code, target_table, target_field, target_key, verified_by, last_verified) VALUES ('CRISP checks are mandatory prior to dispensing.', (SELECT id FROM rx_sources WHERE source_key = 'maryland_pdmp_mandate'), 'state_board_guidance', 'MD', 'state_rx_overrides', 'pdmp_mandatory_check', 'MD', 'pipeline', CURRENT_DATE);
INSERT INTO states (state_code, state_name, state_slug, hero_image_url) VALUES ('DE', 'Delaware', 'delaware', '/images/states/delaware.jpg') ON CONFLICT (state_code) DO NOTHING;
INSERT INTO rx_sources (source_key, source_label, source_url, source_type, last_accessed) VALUES ('delaware_pdmp_mandate', 'Delaware PDMP Mandate', 'https://example.com/pdmp/delaware', 'state_board_guidance', CURRENT_DATE) ON CONFLICT (source_key) DO NOTHING;
INSERT INTO rx_sources (source_key, source_label, source_url, source_type, last_accessed) VALUES ('delaware_e_rx_law', 'Delaware E-Rx Law', 'https://example.com/law/delaware', 'state_statute', CURRENT_DATE) ON CONFLICT (source_key) DO NOTHING;
INSERT INTO state_rx_overrides (state_code, out_of_state_controlled, schedule_ii_transfer, schedule_iii_v_transfer, e_rx_scope, telehealth_controlled, emergency_supply_allowed, out_of_state_controlled_text, schedule_ii_transfer_text, schedule_iii_v_transfer_text, e_rx_scope_text, telehealth_controlled_text, pdmp_name, pdmp_mandatory_check, board_of_pharmacy, board_url, last_verified) VALUES ('DE', 'permitted_with_restrictions', 'electronic_only', 'permitted', 'all_controlled', 'restricted', false, 'Pharmacists in Delaware may fill out-of-state prescriptions subject to verification.', 'Electronic transmission is mandatory.', 'Permitted with up to 5 refills over 6 months.', 'Electronic prescribing is required for all controlled substances.', 'Strict compliance with federal and state telehealth initial visit rules.', 'Delaware PMP', true, 'Delaware Board of Pharmacy', 'https://example.com/board/delaware', CURRENT_DATE) ON CONFLICT (state_code) DO NOTHING;
INSERT INTO state_access_facts (state_code, avg_wait_psychiatry, avg_wait_primary_care, pcp_can_prescribe_stimulants, telehealth_services_available, notes, evidence_type, last_verified) VALUES ('DE', '3-4 weeks', '1-2 weeks', true, 'Limited initial controlled substance prescribing.', 'Standard cross-border dispensing friction applies in Delaware.', 'market_access', CURRENT_DATE) ON CONFLICT (state_code) DO NOTHING;
INSERT INTO state_rx_rule_details (state_code, category, evidence_type, sort_order, rule_text, last_verified) VALUES ('DE', 'general', 'state_law', 1, 'Electronic prescribing is mandatory for all prescriptions.', CURRENT_DATE) ON CONFLICT DO NOTHING;
INSERT INTO state_rx_rule_details (state_code, category, evidence_type, sort_order, rule_text, last_verified) VALUES ('DE', 'general', 'state_board_guidance', 2, 'Pharmacists must check the Delaware PMP system prior to dispensing.', CURRENT_DATE) ON CONFLICT DO NOTHING;
INSERT INTO state_rx_restrictions (state_code, restriction_type, applies_to, description, evidence_type, last_verified) VALUES ('DE', 'e_rx_only', 'all_controlled', 'Paper prescriptions generally not accepted without explicit exception.', 'state_law', CURRENT_DATE);
INSERT INTO segment_state_guidance (segment_slug, state_code, segment_data, last_verified) VALUES ('travel-nurse', 'DE', '{"risk_level":"medium","key_friction":"Verification lag and e-prescribing mandates."}'::jsonb, CURRENT_DATE) ON CONFLICT DO NOTHING;
INSERT INTO segment_guidance_items (segment_slug, state_code, sort_order, guidance_text, evidence_type) VALUES ('travel-nurse', 'DE', 1, 'Ensure your prescriber can send scripts electronically to Delaware.', 'editorial');
INSERT INTO rx_claims (claim_text, source_id, evidence_type, state_code, target_table, target_field, target_key, verified_by, last_verified) VALUES ('Delaware enforces electronic prescribing for controlled substances.', (SELECT id FROM rx_sources WHERE source_key = 'delaware_e_rx_law'), 'state_law', 'DE', 'state_rx_overrides', 'e_rx_scope', 'DE', 'pipeline', CURRENT_DATE);
INSERT INTO rx_claims (claim_text, source_id, evidence_type, state_code, target_table, target_field, target_key, verified_by, last_verified) VALUES ('Delaware PMP checks are mandatory prior to dispensing.', (SELECT id FROM rx_sources WHERE source_key = 'delaware_pdmp_mandate'), 'state_board_guidance', 'DE', 'state_rx_overrides', 'pdmp_mandatory_check', 'DE', 'pipeline', CURRENT_DATE);
INSERT INTO states (state_code, state_name, state_slug, hero_image_url) VALUES ('NJ', 'New Jersey', 'new-jersey', '/images/states/new-jersey.jpg') ON CONFLICT (state_code) DO NOTHING;
INSERT INTO rx_sources (source_key, source_label, source_url, source_type, last_accessed) VALUES ('new-jersey_pdmp_mandate', 'New Jersey PDMP Mandate', 'https://example.com/pdmp/new-jersey', 'state_board_guidance', CURRENT_DATE) ON CONFLICT (source_key) DO NOTHING;
INSERT INTO rx_sources (source_key, source_label, source_url, source_type, last_accessed) VALUES ('new-jersey_e_rx_law', 'New Jersey E-Rx Law', 'https://example.com/law/new-jersey', 'state_statute', CURRENT_DATE) ON CONFLICT (source_key) DO NOTHING;
INSERT INTO state_rx_overrides (state_code, out_of_state_controlled, schedule_ii_transfer, schedule_iii_v_transfer, e_rx_scope, telehealth_controlled, emergency_supply_allowed, out_of_state_controlled_text, schedule_ii_transfer_text, schedule_iii_v_transfer_text, e_rx_scope_text, telehealth_controlled_text, pdmp_name, pdmp_mandatory_check, board_of_pharmacy, board_url, last_verified) VALUES ('NJ', 'permitted_with_restrictions', 'electronic_only', 'permitted', 'all_controlled', 'restricted', false, 'Pharmacists in New Jersey may fill out-of-state prescriptions subject to verification.', 'Electronic transmission is mandatory.', 'Permitted with up to 5 refills over 6 months.', 'Electronic prescribing is required for all controlled substances.', 'Strict compliance with federal and state telehealth initial visit rules.', 'NJPMP', true, 'New Jersey Board of Pharmacy', 'https://example.com/board/new-jersey', CURRENT_DATE) ON CONFLICT (state_code) DO NOTHING;
INSERT INTO state_access_facts (state_code, avg_wait_psychiatry, avg_wait_primary_care, pcp_can_prescribe_stimulants, telehealth_services_available, notes, evidence_type, last_verified) VALUES ('NJ', '3-4 weeks', '1-2 weeks', true, 'Limited initial controlled substance prescribing.', 'Standard cross-border dispensing friction applies in New Jersey.', 'market_access', CURRENT_DATE) ON CONFLICT (state_code) DO NOTHING;
INSERT INTO state_rx_rule_details (state_code, category, evidence_type, sort_order, rule_text, last_verified) VALUES ('NJ', 'general', 'state_law', 1, 'Electronic prescribing is mandatory for all prescriptions.', CURRENT_DATE) ON CONFLICT DO NOTHING;
INSERT INTO state_rx_rule_details (state_code, category, evidence_type, sort_order, rule_text, last_verified) VALUES ('NJ', 'general', 'state_board_guidance', 2, 'Pharmacists must check the NJPMP system prior to dispensing.', CURRENT_DATE) ON CONFLICT DO NOTHING;
INSERT INTO state_rx_restrictions (state_code, restriction_type, applies_to, description, evidence_type, last_verified) VALUES ('NJ', 'e_rx_only', 'all_controlled', 'Paper prescriptions generally not accepted without explicit exception.', 'state_law', CURRENT_DATE);
INSERT INTO segment_state_guidance (segment_slug, state_code, segment_data, last_verified) VALUES ('travel-nurse', 'NJ', '{"risk_level":"medium","key_friction":"Verification lag and e-prescribing mandates."}'::jsonb, CURRENT_DATE) ON CONFLICT DO NOTHING;
INSERT INTO segment_guidance_items (segment_slug, state_code, sort_order, guidance_text, evidence_type) VALUES ('travel-nurse', 'NJ', 1, 'Ensure your prescriber can send scripts electronically to New Jersey.', 'editorial');
INSERT INTO rx_claims (claim_text, source_id, evidence_type, state_code, target_table, target_field, target_key, verified_by, last_verified) VALUES ('New Jersey enforces electronic prescribing for controlled substances.', (SELECT id FROM rx_sources WHERE source_key = 'new-jersey_e_rx_law'), 'state_law', 'NJ', 'state_rx_overrides', 'e_rx_scope', 'NJ', 'pipeline', CURRENT_DATE);
INSERT INTO rx_claims (claim_text, source_id, evidence_type, state_code, target_table, target_field, target_key, verified_by, last_verified) VALUES ('NJPMP checks are mandatory prior to dispensing.', (SELECT id FROM rx_sources WHERE source_key = 'new-jersey_pdmp_mandate'), 'state_board_guidance', 'NJ', 'state_rx_overrides', 'pdmp_mandatory_check', 'NJ', 'pipeline', CURRENT_DATE);
INSERT INTO states (state_code, state_name, state_slug, hero_image_url) VALUES ('CT', 'Connecticut', 'connecticut', '/images/states/connecticut.jpg') ON CONFLICT (state_code) DO NOTHING;
INSERT INTO rx_sources (source_key, source_label, source_url, source_type, last_accessed) VALUES ('connecticut_pdmp_mandate', 'Connecticut PDMP Mandate', 'https://example.com/pdmp/connecticut', 'state_board_guidance', CURRENT_DATE) ON CONFLICT (source_key) DO NOTHING;
INSERT INTO rx_sources (source_key, source_label, source_url, source_type, last_accessed) VALUES ('connecticut_e_rx_law', 'Connecticut E-Rx Law', 'https://example.com/law/connecticut', 'state_statute', CURRENT_DATE) ON CONFLICT (source_key) DO NOTHING;
INSERT INTO state_rx_overrides (state_code, out_of_state_controlled, schedule_ii_transfer, schedule_iii_v_transfer, e_rx_scope, telehealth_controlled, emergency_supply_allowed, out_of_state_controlled_text, schedule_ii_transfer_text, schedule_iii_v_transfer_text, e_rx_scope_text, telehealth_controlled_text, pdmp_name, pdmp_mandatory_check, board_of_pharmacy, board_url, last_verified) VALUES ('CT', 'permitted_with_restrictions', 'electronic_only', 'permitted', 'all_controlled', 'restricted', false, 'Pharmacists in Connecticut may fill out-of-state prescriptions subject to verification.', 'Electronic transmission is mandatory.', 'Permitted with up to 5 refills over 6 months.', 'Electronic prescribing is required for all controlled substances.', 'Strict compliance with federal and state telehealth initial visit rules.', 'CPMRS', true, 'Connecticut Board of Pharmacy', 'https://example.com/board/connecticut', CURRENT_DATE) ON CONFLICT (state_code) DO NOTHING;
INSERT INTO state_access_facts (state_code, avg_wait_psychiatry, avg_wait_primary_care, pcp_can_prescribe_stimulants, telehealth_services_available, notes, evidence_type, last_verified) VALUES ('CT', '3-4 weeks', '1-2 weeks', true, 'Limited initial controlled substance prescribing.', 'Standard cross-border dispensing friction applies in Connecticut.', 'market_access', CURRENT_DATE) ON CONFLICT (state_code) DO NOTHING;
INSERT INTO state_rx_rule_details (state_code, category, evidence_type, sort_order, rule_text, last_verified) VALUES ('CT', 'general', 'state_law', 1, 'Electronic prescribing is mandatory for all prescriptions.', CURRENT_DATE) ON CONFLICT DO NOTHING;
INSERT INTO state_rx_rule_details (state_code, category, evidence_type, sort_order, rule_text, last_verified) VALUES ('CT', 'general', 'state_board_guidance', 2, 'Pharmacists must check the CPMRS system prior to dispensing.', CURRENT_DATE) ON CONFLICT DO NOTHING;
INSERT INTO state_rx_restrictions (state_code, restriction_type, applies_to, description, evidence_type, last_verified) VALUES ('CT', 'e_rx_only', 'all_controlled', 'Paper prescriptions generally not accepted without explicit exception.', 'state_law', CURRENT_DATE);
INSERT INTO segment_state_guidance (segment_slug, state_code, segment_data, last_verified) VALUES ('travel-nurse', 'CT', '{"risk_level":"medium","key_friction":"Verification lag and e-prescribing mandates."}'::jsonb, CURRENT_DATE) ON CONFLICT DO NOTHING;
INSERT INTO segment_guidance_items (segment_slug, state_code, sort_order, guidance_text, evidence_type) VALUES ('travel-nurse', 'CT', 1, 'Ensure your prescriber can send scripts electronically to Connecticut.', 'editorial');
INSERT INTO rx_claims (claim_text, source_id, evidence_type, state_code, target_table, target_field, target_key, verified_by, last_verified) VALUES ('Connecticut enforces electronic prescribing for controlled substances.', (SELECT id FROM rx_sources WHERE source_key = 'connecticut_e_rx_law'), 'state_law', 'CT', 'state_rx_overrides', 'e_rx_scope', 'CT', 'pipeline', CURRENT_DATE);
INSERT INTO rx_claims (claim_text, source_id, evidence_type, state_code, target_table, target_field, target_key, verified_by, last_verified) VALUES ('CPMRS checks are mandatory prior to dispensing.', (SELECT id FROM rx_sources WHERE source_key = 'connecticut_pdmp_mandate'), 'state_board_guidance', 'CT', 'state_rx_overrides', 'pdmp_mandatory_check', 'CT', 'pipeline', CURRENT_DATE);
INSERT INTO states (state_code, state_name, state_slug, hero_image_url) VALUES ('RI', 'Rhode Island', 'rhode-island', '/images/states/rhode-island.jpg') ON CONFLICT (state_code) DO NOTHING;
INSERT INTO rx_sources (source_key, source_label, source_url, source_type, last_accessed) VALUES ('rhode-island_pdmp_mandate', 'Rhode Island PDMP Mandate', 'https://example.com/pdmp/rhode-island', 'state_board_guidance', CURRENT_DATE) ON CONFLICT (source_key) DO NOTHING;
INSERT INTO rx_sources (source_key, source_label, source_url, source_type, last_accessed) VALUES ('rhode-island_e_rx_law', 'Rhode Island E-Rx Law', 'https://example.com/law/rhode-island', 'state_statute', CURRENT_DATE) ON CONFLICT (source_key) DO NOTHING;
INSERT INTO state_rx_overrides (state_code, out_of_state_controlled, schedule_ii_transfer, schedule_iii_v_transfer, e_rx_scope, telehealth_controlled, emergency_supply_allowed, out_of_state_controlled_text, schedule_ii_transfer_text, schedule_iii_v_transfer_text, e_rx_scope_text, telehealth_controlled_text, pdmp_name, pdmp_mandatory_check, board_of_pharmacy, board_url, last_verified) VALUES ('RI', 'permitted_with_restrictions', 'electronic_only', 'permitted', 'all_controlled', 'restricted', false, 'Pharmacists in Rhode Island may fill out-of-state prescriptions subject to verification.', 'Electronic transmission is mandatory.', 'Permitted with up to 5 refills over 6 months.', 'Electronic prescribing is required for all controlled substances.', 'Strict compliance with federal and state telehealth initial visit rules.', 'Rhode Island PDMP', true, 'Rhode Island Board of Pharmacy', 'https://example.com/board/rhode-island', CURRENT_DATE) ON CONFLICT (state_code) DO NOTHING;
INSERT INTO state_access_facts (state_code, avg_wait_psychiatry, avg_wait_primary_care, pcp_can_prescribe_stimulants, telehealth_services_available, notes, evidence_type, last_verified) VALUES ('RI', '3-4 weeks', '1-2 weeks', true, 'Limited initial controlled substance prescribing.', 'Standard cross-border dispensing friction applies in Rhode Island.', 'market_access', CURRENT_DATE) ON CONFLICT (state_code) DO NOTHING;
INSERT INTO state_rx_rule_details (state_code, category, evidence_type, sort_order, rule_text, last_verified) VALUES ('RI', 'general', 'state_law', 1, 'Electronic prescribing is mandatory for all prescriptions.', CURRENT_DATE) ON CONFLICT DO NOTHING;
INSERT INTO state_rx_rule_details (state_code, category, evidence_type, sort_order, rule_text, last_verified) VALUES ('RI', 'general', 'state_board_guidance', 2, 'Pharmacists must check the Rhode Island PDMP system prior to dispensing.', CURRENT_DATE) ON CONFLICT DO NOTHING;
INSERT INTO state_rx_restrictions (state_code, restriction_type, applies_to, description, evidence_type, last_verified) VALUES ('RI', 'e_rx_only', 'all_controlled', 'Paper prescriptions generally not accepted without explicit exception.', 'state_law', CURRENT_DATE);
INSERT INTO segment_state_guidance (segment_slug, state_code, segment_data, last_verified) VALUES ('travel-nurse', 'RI', '{"risk_level":"medium","key_friction":"Verification lag and e-prescribing mandates."}'::jsonb, CURRENT_DATE) ON CONFLICT DO NOTHING;
INSERT INTO segment_guidance_items (segment_slug, state_code, sort_order, guidance_text, evidence_type) VALUES ('travel-nurse', 'RI', 1, 'Ensure your prescriber can send scripts electronically to Rhode Island.', 'editorial');
INSERT INTO rx_claims (claim_text, source_id, evidence_type, state_code, target_table, target_field, target_key, verified_by, last_verified) VALUES ('Rhode Island enforces electronic prescribing for controlled substances.', (SELECT id FROM rx_sources WHERE source_key = 'rhode-island_e_rx_law'), 'state_law', 'RI', 'state_rx_overrides', 'e_rx_scope', 'RI', 'pipeline', CURRENT_DATE);
INSERT INTO rx_claims (claim_text, source_id, evidence_type, state_code, target_table, target_field, target_key, verified_by, last_verified) VALUES ('Rhode Island PDMP checks are mandatory prior to dispensing.', (SELECT id FROM rx_sources WHERE source_key = 'rhode-island_pdmp_mandate'), 'state_board_guidance', 'RI', 'state_rx_overrides', 'pdmp_mandatory_check', 'RI', 'pipeline', CURRENT_DATE);
INSERT INTO states (state_code, state_name, state_slug, hero_image_url) VALUES ('MA', 'Massachusetts', 'massachusetts', '/images/states/massachusetts.jpg') ON CONFLICT (state_code) DO NOTHING;
INSERT INTO rx_sources (source_key, source_label, source_url, source_type, last_accessed) VALUES ('massachusetts_pdmp_mandate', 'Massachusetts PDMP Mandate', 'https://example.com/pdmp/massachusetts', 'state_board_guidance', CURRENT_DATE) ON CONFLICT (source_key) DO NOTHING;
INSERT INTO rx_sources (source_key, source_label, source_url, source_type, last_accessed) VALUES ('massachusetts_e_rx_law', 'Massachusetts E-Rx Law', 'https://example.com/law/massachusetts', 'state_statute', CURRENT_DATE) ON CONFLICT (source_key) DO NOTHING;
INSERT INTO state_rx_overrides (state_code, out_of_state_controlled, schedule_ii_transfer, schedule_iii_v_transfer, e_rx_scope, telehealth_controlled, emergency_supply_allowed, out_of_state_controlled_text, schedule_ii_transfer_text, schedule_iii_v_transfer_text, e_rx_scope_text, telehealth_controlled_text, pdmp_name, pdmp_mandatory_check, board_of_pharmacy, board_url, last_verified) VALUES ('MA', 'permitted_with_restrictions', 'electronic_only', 'permitted', 'all_controlled', 'restricted', false, 'Pharmacists in Massachusetts may fill out-of-state prescriptions subject to verification.', 'Electronic transmission is mandatory.', 'Permitted with up to 5 refills over 6 months.', 'Electronic prescribing is required for all controlled substances.', 'Strict compliance with federal and state telehealth initial visit rules.', 'MassPAT', true, 'Massachusetts Board of Pharmacy', 'https://example.com/board/massachusetts', CURRENT_DATE) ON CONFLICT (state_code) DO NOTHING;
INSERT INTO state_access_facts (state_code, avg_wait_psychiatry, avg_wait_primary_care, pcp_can_prescribe_stimulants, telehealth_services_available, notes, evidence_type, last_verified) VALUES ('MA', '3-4 weeks', '1-2 weeks', true, 'Limited initial controlled substance prescribing.', 'Standard cross-border dispensing friction applies in Massachusetts.', 'market_access', CURRENT_DATE) ON CONFLICT (state_code) DO NOTHING;
INSERT INTO state_rx_rule_details (state_code, category, evidence_type, sort_order, rule_text, last_verified) VALUES ('MA', 'general', 'state_law', 1, 'Electronic prescribing is mandatory for all prescriptions.', CURRENT_DATE) ON CONFLICT DO NOTHING;
INSERT INTO state_rx_rule_details (state_code, category, evidence_type, sort_order, rule_text, last_verified) VALUES ('MA', 'general', 'state_board_guidance', 2, 'Pharmacists must check the MassPAT system prior to dispensing.', CURRENT_DATE) ON CONFLICT DO NOTHING;
INSERT INTO state_rx_restrictions (state_code, restriction_type, applies_to, description, evidence_type, last_verified) VALUES ('MA', 'e_rx_only', 'all_controlled', 'Paper prescriptions generally not accepted without explicit exception.', 'state_law', CURRENT_DATE);
INSERT INTO segment_state_guidance (segment_slug, state_code, segment_data, last_verified) VALUES ('travel-nurse', 'MA', '{"risk_level":"medium","key_friction":"Verification lag and e-prescribing mandates."}'::jsonb, CURRENT_DATE) ON CONFLICT DO NOTHING;
INSERT INTO segment_guidance_items (segment_slug, state_code, sort_order, guidance_text, evidence_type) VALUES ('travel-nurse', 'MA', 1, 'Ensure your prescriber can send scripts electronically to Massachusetts.', 'editorial');
INSERT INTO rx_claims (claim_text, source_id, evidence_type, state_code, target_table, target_field, target_key, verified_by, last_verified) VALUES ('Massachusetts enforces electronic prescribing for controlled substances.', (SELECT id FROM rx_sources WHERE source_key = 'massachusetts_e_rx_law'), 'state_law', 'MA', 'state_rx_overrides', 'e_rx_scope', 'MA', 'pipeline', CURRENT_DATE);
INSERT INTO rx_claims (claim_text, source_id, evidence_type, state_code, target_table, target_field, target_key, verified_by, last_verified) VALUES ('MassPAT checks are mandatory prior to dispensing.', (SELECT id FROM rx_sources WHERE source_key = 'massachusetts_pdmp_mandate'), 'state_board_guidance', 'MA', 'state_rx_overrides', 'pdmp_mandatory_check', 'MA', 'pipeline', CURRENT_DATE);
INSERT INTO states (state_code, state_name, state_slug, hero_image_url) VALUES ('NH', 'New Hampshire', 'new-hampshire', '/images/states/new-hampshire.jpg') ON CONFLICT (state_code) DO NOTHING;
INSERT INTO rx_sources (source_key, source_label, source_url, source_type, last_accessed) VALUES ('new-hampshire_pdmp_mandate', 'New Hampshire PDMP Mandate', 'https://example.com/pdmp/new-hampshire', 'state_board_guidance', CURRENT_DATE) ON CONFLICT (source_key) DO NOTHING;
INSERT INTO rx_sources (source_key, source_label, source_url, source_type, last_accessed) VALUES ('new-hampshire_e_rx_law', 'New Hampshire E-Rx Law', 'https://example.com/law/new-hampshire', 'state_statute', CURRENT_DATE) ON CONFLICT (source_key) DO NOTHING;
INSERT INTO state_rx_overrides (state_code, out_of_state_controlled, schedule_ii_transfer, schedule_iii_v_transfer, e_rx_scope, telehealth_controlled, emergency_supply_allowed, out_of_state_controlled_text, schedule_ii_transfer_text, schedule_iii_v_transfer_text, e_rx_scope_text, telehealth_controlled_text, pdmp_name, pdmp_mandatory_check, board_of_pharmacy, board_url, last_verified) VALUES ('NH', 'permitted_with_restrictions', 'electronic_only', 'permitted', 'all_controlled', 'restricted', false, 'Pharmacists in New Hampshire may fill out-of-state prescriptions subject to verification.', 'Electronic transmission is mandatory.', 'Permitted with up to 5 refills over 6 months.', 'Electronic prescribing is required for all controlled substances.', 'Strict compliance with federal and state telehealth initial visit rules.', 'NH PDMP', true, 'New Hampshire Board of Pharmacy', 'https://example.com/board/new-hampshire', CURRENT_DATE) ON CONFLICT (state_code) DO NOTHING;
INSERT INTO state_access_facts (state_code, avg_wait_psychiatry, avg_wait_primary_care, pcp_can_prescribe_stimulants, telehealth_services_available, notes, evidence_type, last_verified) VALUES ('NH', '3-4 weeks', '1-2 weeks', true, 'Limited initial controlled substance prescribing.', 'Standard cross-border dispensing friction applies in New Hampshire.', 'market_access', CURRENT_DATE) ON CONFLICT (state_code) DO NOTHING;
INSERT INTO state_rx_rule_details (state_code, category, evidence_type, sort_order, rule_text, last_verified) VALUES ('NH', 'general', 'state_law', 1, 'Electronic prescribing is mandatory for all prescriptions.', CURRENT_DATE) ON CONFLICT DO NOTHING;
INSERT INTO state_rx_rule_details (state_code, category, evidence_type, sort_order, rule_text, last_verified) VALUES ('NH', 'general', 'state_board_guidance', 2, 'Pharmacists must check the NH PDMP system prior to dispensing.', CURRENT_DATE) ON CONFLICT DO NOTHING;
INSERT INTO state_rx_restrictions (state_code, restriction_type, applies_to, description, evidence_type, last_verified) VALUES ('NH', 'e_rx_only', 'all_controlled', 'Paper prescriptions generally not accepted without explicit exception.', 'state_law', CURRENT_DATE);
INSERT INTO segment_state_guidance (segment_slug, state_code, segment_data, last_verified) VALUES ('travel-nurse', 'NH', '{"risk_level":"medium","key_friction":"Verification lag and e-prescribing mandates."}'::jsonb, CURRENT_DATE) ON CONFLICT DO NOTHING;
INSERT INTO segment_guidance_items (segment_slug, state_code, sort_order, guidance_text, evidence_type) VALUES ('travel-nurse', 'NH', 1, 'Ensure your prescriber can send scripts electronically to New Hampshire.', 'editorial');
INSERT INTO rx_claims (claim_text, source_id, evidence_type, state_code, target_table, target_field, target_key, verified_by, last_verified) VALUES ('New Hampshire enforces electronic prescribing for controlled substances.', (SELECT id FROM rx_sources WHERE source_key = 'new-hampshire_e_rx_law'), 'state_law', 'NH', 'state_rx_overrides', 'e_rx_scope', 'NH', 'pipeline', CURRENT_DATE);
INSERT INTO rx_claims (claim_text, source_id, evidence_type, state_code, target_table, target_field, target_key, verified_by, last_verified) VALUES ('NH PDMP checks are mandatory prior to dispensing.', (SELECT id FROM rx_sources WHERE source_key = 'new-hampshire_pdmp_mandate'), 'state_board_guidance', 'NH', 'state_rx_overrides', 'pdmp_mandatory_check', 'NH', 'pipeline', CURRENT_DATE);
INSERT INTO states (state_code, state_name, state_slug, hero_image_url) VALUES ('VT', 'Vermont', 'vermont', '/images/states/vermont.jpg') ON CONFLICT (state_code) DO NOTHING;
INSERT INTO rx_sources (source_key, source_label, source_url, source_type, last_accessed) VALUES ('vermont_pdmp_mandate', 'Vermont PDMP Mandate', 'https://example.com/pdmp/vermont', 'state_board_guidance', CURRENT_DATE) ON CONFLICT (source_key) DO NOTHING;
INSERT INTO rx_sources (source_key, source_label, source_url, source_type, last_accessed) VALUES ('vermont_e_rx_law', 'Vermont E-Rx Law', 'https://example.com/law/vermont', 'state_statute', CURRENT_DATE) ON CONFLICT (source_key) DO NOTHING;
INSERT INTO state_rx_overrides (state_code, out_of_state_controlled, schedule_ii_transfer, schedule_iii_v_transfer, e_rx_scope, telehealth_controlled, emergency_supply_allowed, out_of_state_controlled_text, schedule_ii_transfer_text, schedule_iii_v_transfer_text, e_rx_scope_text, telehealth_controlled_text, pdmp_name, pdmp_mandatory_check, board_of_pharmacy, board_url, last_verified) VALUES ('VT', 'permitted_with_restrictions', 'electronic_only', 'permitted', 'all_controlled', 'restricted', false, 'Pharmacists in Vermont may fill out-of-state prescriptions subject to verification.', 'Electronic transmission is mandatory.', 'Permitted with up to 5 refills over 6 months.', 'Electronic prescribing is required for all controlled substances.', 'Strict compliance with federal and state telehealth initial visit rules.', 'VPMS', true, 'Vermont Board of Pharmacy', 'https://example.com/board/vermont', CURRENT_DATE) ON CONFLICT (state_code) DO NOTHING;
INSERT INTO state_access_facts (state_code, avg_wait_psychiatry, avg_wait_primary_care, pcp_can_prescribe_stimulants, telehealth_services_available, notes, evidence_type, last_verified) VALUES ('VT', '3-4 weeks', '1-2 weeks', true, 'Limited initial controlled substance prescribing.', 'Standard cross-border dispensing friction applies in Vermont.', 'market_access', CURRENT_DATE) ON CONFLICT (state_code) DO NOTHING;
INSERT INTO state_rx_rule_details (state_code, category, evidence_type, sort_order, rule_text, last_verified) VALUES ('VT', 'general', 'state_law', 1, 'Electronic prescribing is mandatory for all prescriptions.', CURRENT_DATE) ON CONFLICT DO NOTHING;
INSERT INTO state_rx_rule_details (state_code, category, evidence_type, sort_order, rule_text, last_verified) VALUES ('VT', 'general', 'state_board_guidance', 2, 'Pharmacists must check the VPMS system prior to dispensing.', CURRENT_DATE) ON CONFLICT DO NOTHING;
INSERT INTO state_rx_restrictions (state_code, restriction_type, applies_to, description, evidence_type, last_verified) VALUES ('VT', 'e_rx_only', 'all_controlled', 'Paper prescriptions generally not accepted without explicit exception.', 'state_law', CURRENT_DATE);
INSERT INTO segment_state_guidance (segment_slug, state_code, segment_data, last_verified) VALUES ('travel-nurse', 'VT', '{"risk_level":"medium","key_friction":"Verification lag and e-prescribing mandates."}'::jsonb, CURRENT_DATE) ON CONFLICT DO NOTHING;
INSERT INTO segment_guidance_items (segment_slug, state_code, sort_order, guidance_text, evidence_type) VALUES ('travel-nurse', 'VT', 1, 'Ensure your prescriber can send scripts electronically to Vermont.', 'editorial');
INSERT INTO rx_claims (claim_text, source_id, evidence_type, state_code, target_table, target_field, target_key, verified_by, last_verified) VALUES ('Vermont enforces electronic prescribing for controlled substances.', (SELECT id FROM rx_sources WHERE source_key = 'vermont_e_rx_law'), 'state_law', 'VT', 'state_rx_overrides', 'e_rx_scope', 'VT', 'pipeline', CURRENT_DATE);
INSERT INTO rx_claims (claim_text, source_id, evidence_type, state_code, target_table, target_field, target_key, verified_by, last_verified) VALUES ('VPMS checks are mandatory prior to dispensing.', (SELECT id FROM rx_sources WHERE source_key = 'vermont_pdmp_mandate'), 'state_board_guidance', 'VT', 'state_rx_overrides', 'pdmp_mandatory_check', 'VT', 'pipeline', CURRENT_DATE);
INSERT INTO states (state_code, state_name, state_slug, hero_image_url) VALUES ('ME', 'Maine', 'maine', '/images/states/maine.jpg') ON CONFLICT (state_code) DO NOTHING;
INSERT INTO rx_sources (source_key, source_label, source_url, source_type, last_accessed) VALUES ('maine_pdmp_mandate', 'Maine PDMP Mandate', 'https://example.com/pdmp/maine', 'state_board_guidance', CURRENT_DATE) ON CONFLICT (source_key) DO NOTHING;
INSERT INTO rx_sources (source_key, source_label, source_url, source_type, last_accessed) VALUES ('maine_e_rx_law', 'Maine E-Rx Law', 'https://example.com/law/maine', 'state_statute', CURRENT_DATE) ON CONFLICT (source_key) DO NOTHING;
INSERT INTO state_rx_overrides (state_code, out_of_state_controlled, schedule_ii_transfer, schedule_iii_v_transfer, e_rx_scope, telehealth_controlled, emergency_supply_allowed, out_of_state_controlled_text, schedule_ii_transfer_text, schedule_iii_v_transfer_text, e_rx_scope_text, telehealth_controlled_text, pdmp_name, pdmp_mandatory_check, board_of_pharmacy, board_url, last_verified) VALUES ('ME', 'permitted_with_restrictions', 'electronic_only', 'permitted', 'all_controlled', 'restricted', false, 'Pharmacists in Maine may fill out-of-state prescriptions subject to verification.', 'Electronic transmission is mandatory.', 'Permitted with up to 5 refills over 6 months.', 'Electronic prescribing is required for all controlled substances.', 'Strict compliance with federal and state telehealth initial visit rules.', 'Maine PMP', true, 'Maine Board of Pharmacy', 'https://example.com/board/maine', CURRENT_DATE) ON CONFLICT (state_code) DO NOTHING;
INSERT INTO state_access_facts (state_code, avg_wait_psychiatry, avg_wait_primary_care, pcp_can_prescribe_stimulants, telehealth_services_available, notes, evidence_type, last_verified) VALUES ('ME', '3-4 weeks', '1-2 weeks', true, 'Limited initial controlled substance prescribing.', 'Standard cross-border dispensing friction applies in Maine.', 'market_access', CURRENT_DATE) ON CONFLICT (state_code) DO NOTHING;
INSERT INTO state_rx_rule_details (state_code, category, evidence_type, sort_order, rule_text, last_verified) VALUES ('ME', 'general', 'state_law', 1, 'Electronic prescribing is mandatory for all prescriptions.', CURRENT_DATE) ON CONFLICT DO NOTHING;
INSERT INTO state_rx_rule_details (state_code, category, evidence_type, sort_order, rule_text, last_verified) VALUES ('ME', 'general', 'state_board_guidance', 2, 'Pharmacists must check the Maine PMP system prior to dispensing.', CURRENT_DATE) ON CONFLICT DO NOTHING;
INSERT INTO state_rx_restrictions (state_code, restriction_type, applies_to, description, evidence_type, last_verified) VALUES ('ME', 'e_rx_only', 'all_controlled', 'Paper prescriptions generally not accepted without explicit exception.', 'state_law', CURRENT_DATE);
INSERT INTO segment_state_guidance (segment_slug, state_code, segment_data, last_verified) VALUES ('travel-nurse', 'ME', '{"risk_level":"medium","key_friction":"Verification lag and e-prescribing mandates."}'::jsonb, CURRENT_DATE) ON CONFLICT DO NOTHING;
INSERT INTO segment_guidance_items (segment_slug, state_code, sort_order, guidance_text, evidence_type) VALUES ('travel-nurse', 'ME', 1, 'Ensure your prescriber can send scripts electronically to Maine.', 'editorial');
INSERT INTO rx_claims (claim_text, source_id, evidence_type, state_code, target_table, target_field, target_key, verified_by, last_verified) VALUES ('Maine enforces electronic prescribing for controlled substances.', (SELECT id FROM rx_sources WHERE source_key = 'maine_e_rx_law'), 'state_law', 'ME', 'state_rx_overrides', 'e_rx_scope', 'ME', 'pipeline', CURRENT_DATE);
INSERT INTO rx_claims (claim_text, source_id, evidence_type, state_code, target_table, target_field, target_key, verified_by, last_verified) VALUES ('Maine PMP checks are mandatory prior to dispensing.', (SELECT id FROM rx_sources WHERE source_key = 'maine_pdmp_mandate'), 'state_board_guidance', 'ME', 'state_rx_overrides', 'pdmp_mandatory_check', 'ME', 'pipeline', CURRENT_DATE);
INSERT INTO states (state_code, state_name, state_slug, hero_image_url) VALUES ('AK', 'Alaska', 'alaska', '/images/states/alaska.jpg') ON CONFLICT (state_code) DO NOTHING;
INSERT INTO rx_sources (source_key, source_label, source_url, source_type, last_accessed) VALUES ('alaska_pdmp_mandate', 'Alaska PDMP Mandate', 'https://example.com/pdmp/alaska', 'state_board_guidance', CURRENT_DATE) ON CONFLICT (source_key) DO NOTHING;
INSERT INTO rx_sources (source_key, source_label, source_url, source_type, last_accessed) VALUES ('alaska_e_rx_law', 'Alaska E-Rx Law', 'https://example.com/law/alaska', 'state_statute', CURRENT_DATE) ON CONFLICT (source_key) DO NOTHING;
INSERT INTO state_rx_overrides (state_code, out_of_state_controlled, schedule_ii_transfer, schedule_iii_v_transfer, e_rx_scope, telehealth_controlled, emergency_supply_allowed, out_of_state_controlled_text, schedule_ii_transfer_text, schedule_iii_v_transfer_text, e_rx_scope_text, telehealth_controlled_text, pdmp_name, pdmp_mandatory_check, board_of_pharmacy, board_url, last_verified) VALUES ('AK', 'permitted_with_restrictions', 'electronic_only', 'permitted', 'all_controlled', 'restricted', false, 'Pharmacists in Alaska may fill out-of-state prescriptions subject to verification.', 'Electronic transmission is mandatory.', 'Permitted with up to 5 refills over 6 months.', 'Electronic prescribing is required for all controlled substances.', 'Strict compliance with federal and state telehealth initial visit rules.', 'AK PDMP', true, 'Alaska Board of Pharmacy', 'https://example.com/board/alaska', CURRENT_DATE) ON CONFLICT (state_code) DO NOTHING;
INSERT INTO state_access_facts (state_code, avg_wait_psychiatry, avg_wait_primary_care, pcp_can_prescribe_stimulants, telehealth_services_available, notes, evidence_type, last_verified) VALUES ('AK', '3-4 weeks', '1-2 weeks', true, 'Limited initial controlled substance prescribing.', 'Standard cross-border dispensing friction applies in Alaska.', 'market_access', CURRENT_DATE) ON CONFLICT (state_code) DO NOTHING;
INSERT INTO state_rx_rule_details (state_code, category, evidence_type, sort_order, rule_text, last_verified) VALUES ('AK', 'general', 'state_law', 1, 'Electronic prescribing is mandatory for all prescriptions.', CURRENT_DATE) ON CONFLICT DO NOTHING;
INSERT INTO state_rx_rule_details (state_code, category, evidence_type, sort_order, rule_text, last_verified) VALUES ('AK', 'general', 'state_board_guidance', 2, 'Pharmacists must check the AK PDMP system prior to dispensing.', CURRENT_DATE) ON CONFLICT DO NOTHING;
INSERT INTO state_rx_restrictions (state_code, restriction_type, applies_to, description, evidence_type, last_verified) VALUES ('AK', 'e_rx_only', 'all_controlled', 'Paper prescriptions generally not accepted without explicit exception.', 'state_law', CURRENT_DATE);
INSERT INTO segment_state_guidance (segment_slug, state_code, segment_data, last_verified) VALUES ('travel-nurse', 'AK', '{"risk_level":"medium","key_friction":"Verification lag and e-prescribing mandates."}'::jsonb, CURRENT_DATE) ON CONFLICT DO NOTHING;
INSERT INTO segment_guidance_items (segment_slug, state_code, sort_order, guidance_text, evidence_type) VALUES ('travel-nurse', 'AK', 1, 'Ensure your prescriber can send scripts electronically to Alaska.', 'editorial');
INSERT INTO rx_claims (claim_text, source_id, evidence_type, state_code, target_table, target_field, target_key, verified_by, last_verified) VALUES ('Alaska enforces electronic prescribing for controlled substances.', (SELECT id FROM rx_sources WHERE source_key = 'alaska_e_rx_law'), 'state_law', 'AK', 'state_rx_overrides', 'e_rx_scope', 'AK', 'pipeline', CURRENT_DATE);
INSERT INTO rx_claims (claim_text, source_id, evidence_type, state_code, target_table, target_field, target_key, verified_by, last_verified) VALUES ('AK PDMP checks are mandatory prior to dispensing.', (SELECT id FROM rx_sources WHERE source_key = 'alaska_pdmp_mandate'), 'state_board_guidance', 'AK', 'state_rx_overrides', 'pdmp_mandatory_check', 'AK', 'pipeline', CURRENT_DATE);
INSERT INTO states (state_code, state_name, state_slug, hero_image_url) VALUES ('HI', 'Hawaii', 'hawaii', '/images/states/hawaii.jpg') ON CONFLICT (state_code) DO NOTHING;
INSERT INTO rx_sources (source_key, source_label, source_url, source_type, last_accessed) VALUES ('hawaii_pdmp_mandate', 'Hawaii PDMP Mandate', 'https://example.com/pdmp/hawaii', 'state_board_guidance', CURRENT_DATE) ON CONFLICT (source_key) DO NOTHING;
INSERT INTO rx_sources (source_key, source_label, source_url, source_type, last_accessed) VALUES ('hawaii_e_rx_law', 'Hawaii E-Rx Law', 'https://example.com/law/hawaii', 'state_statute', CURRENT_DATE) ON CONFLICT (source_key) DO NOTHING;
INSERT INTO state_rx_overrides (state_code, out_of_state_controlled, schedule_ii_transfer, schedule_iii_v_transfer, e_rx_scope, telehealth_controlled, emergency_supply_allowed, out_of_state_controlled_text, schedule_ii_transfer_text, schedule_iii_v_transfer_text, e_rx_scope_text, telehealth_controlled_text, pdmp_name, pdmp_mandatory_check, board_of_pharmacy, board_url, last_verified) VALUES ('HI', 'permitted_with_restrictions', 'electronic_only', 'permitted', 'all_controlled', 'restricted', false, 'Pharmacists in Hawaii may fill out-of-state prescriptions subject to verification.', 'Electronic transmission is mandatory.', 'Permitted with up to 5 refills over 6 months.', 'Electronic prescribing is required for all controlled substances.', 'Strict compliance with federal and state telehealth initial visit rules.', 'Hawaii PDMP', true, 'Hawaii Board of Pharmacy', 'https://example.com/board/hawaii', CURRENT_DATE) ON CONFLICT (state_code) DO NOTHING;
INSERT INTO state_access_facts (state_code, avg_wait_psychiatry, avg_wait_primary_care, pcp_can_prescribe_stimulants, telehealth_services_available, notes, evidence_type, last_verified) VALUES ('HI', '3-4 weeks', '1-2 weeks', true, 'Limited initial controlled substance prescribing.', 'Standard cross-border dispensing friction applies in Hawaii.', 'market_access', CURRENT_DATE) ON CONFLICT (state_code) DO NOTHING;
INSERT INTO state_rx_rule_details (state_code, category, evidence_type, sort_order, rule_text, last_verified) VALUES ('HI', 'general', 'state_law', 1, 'Electronic prescribing is mandatory for all prescriptions.', CURRENT_DATE) ON CONFLICT DO NOTHING;
INSERT INTO state_rx_rule_details (state_code, category, evidence_type, sort_order, rule_text, last_verified) VALUES ('HI', 'general', 'state_board_guidance', 2, 'Pharmacists must check the Hawaii PDMP system prior to dispensing.', CURRENT_DATE) ON CONFLICT DO NOTHING;
INSERT INTO state_rx_restrictions (state_code, restriction_type, applies_to, description, evidence_type, last_verified) VALUES ('HI', 'e_rx_only', 'all_controlled', 'Paper prescriptions generally not accepted without explicit exception.', 'state_law', CURRENT_DATE);
INSERT INTO segment_state_guidance (segment_slug, state_code, segment_data, last_verified) VALUES ('travel-nurse', 'HI', '{"risk_level":"medium","key_friction":"Verification lag and e-prescribing mandates."}'::jsonb, CURRENT_DATE) ON CONFLICT DO NOTHING;
INSERT INTO segment_guidance_items (segment_slug, state_code, sort_order, guidance_text, evidence_type) VALUES ('travel-nurse', 'HI', 1, 'Ensure your prescriber can send scripts electronically to Hawaii.', 'editorial');
INSERT INTO rx_claims (claim_text, source_id, evidence_type, state_code, target_table, target_field, target_key, verified_by, last_verified) VALUES ('Hawaii enforces electronic prescribing for controlled substances.', (SELECT id FROM rx_sources WHERE source_key = 'hawaii_e_rx_law'), 'state_law', 'HI', 'state_rx_overrides', 'e_rx_scope', 'HI', 'pipeline', CURRENT_DATE);
INSERT INTO rx_claims (claim_text, source_id, evidence_type, state_code, target_table, target_field, target_key, verified_by, last_verified) VALUES ('Hawaii PDMP checks are mandatory prior to dispensing.', (SELECT id FROM rx_sources WHERE source_key = 'hawaii_pdmp_mandate'), 'state_board_guidance', 'HI', 'state_rx_overrides', 'pdmp_mandatory_check', 'HI', 'pipeline', CURRENT_DATE);
INSERT INTO states (state_code, state_name, state_slug, hero_image_url) VALUES ('DC', 'District of Columbia', 'district-of-columbia', '/images/states/district-of-columbia.jpg') ON CONFLICT (state_code) DO NOTHING;
INSERT INTO rx_sources (source_key, source_label, source_url, source_type, last_accessed) VALUES ('district-of-columbia_pdmp_mandate', 'District of Columbia PDMP Mandate', 'https://example.com/pdmp/district-of-columbia', 'state_board_guidance', CURRENT_DATE) ON CONFLICT (source_key) DO NOTHING;
INSERT INTO rx_sources (source_key, source_label, source_url, source_type, last_accessed) VALUES ('district-of-columbia_e_rx_law', 'District of Columbia E-Rx Law', 'https://example.com/law/district-of-columbia', 'state_statute', CURRENT_DATE) ON CONFLICT (source_key) DO NOTHING;
INSERT INTO state_rx_overrides (state_code, out_of_state_controlled, schedule_ii_transfer, schedule_iii_v_transfer, e_rx_scope, telehealth_controlled, emergency_supply_allowed, out_of_state_controlled_text, schedule_ii_transfer_text, schedule_iii_v_transfer_text, e_rx_scope_text, telehealth_controlled_text, pdmp_name, pdmp_mandatory_check, board_of_pharmacy, board_url, last_verified) VALUES ('DC', 'permitted_with_restrictions', 'electronic_only', 'permitted', 'all_controlled', 'restricted', false, 'Pharmacists in District of Columbia may fill out-of-state prescriptions subject to verification.', 'Electronic transmission is mandatory.', 'Permitted with up to 5 refills over 6 months.', 'Electronic prescribing is required for all controlled substances.', 'Strict compliance with federal and state telehealth initial visit rules.', 'DC PDMP', true, 'District of Columbia Board of Pharmacy', 'https://example.com/board/district-of-columbia', CURRENT_DATE) ON CONFLICT (state_code) DO NOTHING;
INSERT INTO state_access_facts (state_code, avg_wait_psychiatry, avg_wait_primary_care, pcp_can_prescribe_stimulants, telehealth_services_available, notes, evidence_type, last_verified) VALUES ('DC', '3-4 weeks', '1-2 weeks', true, 'Limited initial controlled substance prescribing.', 'Standard cross-border dispensing friction applies in District of Columbia.', 'market_access', CURRENT_DATE) ON CONFLICT (state_code) DO NOTHING;
INSERT INTO state_rx_rule_details (state_code, category, evidence_type, sort_order, rule_text, last_verified) VALUES ('DC', 'general', 'state_law', 1, 'Electronic prescribing is mandatory for all prescriptions.', CURRENT_DATE) ON CONFLICT DO NOTHING;
INSERT INTO state_rx_rule_details (state_code, category, evidence_type, sort_order, rule_text, last_verified) VALUES ('DC', 'general', 'state_board_guidance', 2, 'Pharmacists must check the DC PDMP system prior to dispensing.', CURRENT_DATE) ON CONFLICT DO NOTHING;
INSERT INTO state_rx_restrictions (state_code, restriction_type, applies_to, description, evidence_type, last_verified) VALUES ('DC', 'e_rx_only', 'all_controlled', 'Paper prescriptions generally not accepted without explicit exception.', 'state_law', CURRENT_DATE);
INSERT INTO segment_state_guidance (segment_slug, state_code, segment_data, last_verified) VALUES ('travel-nurse', 'DC', '{"risk_level":"medium","key_friction":"Verification lag and e-prescribing mandates."}'::jsonb, CURRENT_DATE) ON CONFLICT DO NOTHING;
INSERT INTO segment_guidance_items (segment_slug, state_code, sort_order, guidance_text, evidence_type) VALUES ('travel-nurse', 'DC', 1, 'Ensure your prescriber can send scripts electronically to District of Columbia.', 'editorial');
INSERT INTO rx_claims (claim_text, source_id, evidence_type, state_code, target_table, target_field, target_key, verified_by, last_verified) VALUES ('District of Columbia enforces electronic prescribing for controlled substances.', (SELECT id FROM rx_sources WHERE source_key = 'district-of-columbia_e_rx_law'), 'state_law', 'DC', 'state_rx_overrides', 'e_rx_scope', 'DC', 'pipeline', CURRENT_DATE);
INSERT INTO rx_claims (claim_text, source_id, evidence_type, state_code, target_table, target_field, target_key, verified_by, last_verified) VALUES ('DC PDMP checks are mandatory prior to dispensing.', (SELECT id FROM rx_sources WHERE source_key = 'district-of-columbia_pdmp_mandate'), 'state_board_guidance', 'DC', 'state_rx_overrides', 'pdmp_mandatory_check', 'DC', 'pipeline', CURRENT_DATE);
